scope,repr_type,model_a,model_b,layer,normalization,axis_abs_projection_diff_mean,axis_abs_projection_diff_max,axis_signed_projection_diff_mean,axes_used,axes_skipped,neutral_projection_sd_a_mean,neutral_projection_sd_b_mean,cultural_norm_a_mean,cultural_norm_b_mean
layerwise,hidden_state,en_50m,en_zh_a,0,row_l2,0.1015358228981495,0.5713756084442139,-0.009849325482646236,50,0,,,1.0,1.0
layerwise,hidden_state,en_50m,en_zh_a,0,neutral_z,0.7637094473838806,6.38534688949585,-0.015130153759382665,50,0,0.1629562819004059,0.22229936659336091,1.3389453887939453,1.4772119522094727
layerwise,hidden_state,en_50m,en_zh_a,1,row_l2,0.16570998817682267,0.8157560229301453,-0.0027992103913402388,50,0,,,1.0,1.0
layerwise,hidden_state,en_50m,en_zh_a,1,neutral_z,0.8014563882350921,8.527084350585938,-0.0677307341247797,50,0,627.7521380615234,1880.41986328125,3524.27294921875,9206.423828125
layerwise,hidden_state,en_50m,en_zh_a,2,row_l2,0.14976338267326356,0.772162675857544,-0.0007769159739837051,50,0,,,1.0,1.0
layerwise,hidden_state,en_50m,en_zh_a,2,neutral_z,0.7983231103420257,8.487689018249512,-0.0726499617472291,50,0,638.685433959961,1884.177236328125,3841.0439453125,9926.875
layerwise,hidden_state,en_50m,en_zh_a,3,row_l2,0.13821197137236596,0.7220600247383118,-0.00036222299328073857,50,0,,,1.0,1.0
layerwise,hidden_state,en_50m,en_zh_a,3,neutral_z,0.7969062441587448,8.313697814941406,-0.07035857209935785,50,0,647.3260375976563,1879.1217358398437,4352.083984375,10338.28515625
layerwise,hidden_state,en_50m,en_zh_a,4,row_l2,0.1328190226852894,0.6922027468681335,-0.0005391995469108224,50,0,,,0.9999998807907104,1.0
layerwise,hidden_state,en_50m,en_zh_a,4,neutral_z,0.7991980528831482,8.067273139953613,-0.07062053189612925,50,0,648.824965209961,1886.83767578125,4686.2529296875,10694.9521484375
layerwise,hidden_state,en_50m,en_zh_a,5,row_l2,0.13210438936948776,0.7112789154052734,-0.0025508214719593527,50,0,,,1.0,1.0
layerwise,hidden_state,en_50m,en_zh_a,5,neutral_z,0.8002040535211563,8.292034149169922,-0.06965845141385216,50,0,652.6370013427735,1869.8278076171875,4662.673828125,11036.265625
layerwise,hidden_state,en_50m,en_zh_a,6,row_l2,0.12614472404122354,0.7102978825569153,-0.0019436927884817123,50,0,,,1.0,1.0
layerwise,hidden_state,en_50m,en_zh_a,6,neutral_z,0.7951893943548203,8.289653778076172,-0.07320972354151309,50,0,649.7170153808594,1845.8808227539062,4805.36767578125,11481.38671875
layerwise,hidden_state,en_50m,en_zh_a,7,row_l2,0.12130358472466468,0.6788228750228882,-0.0019677795143797994,50,0,,,1.0,1.0
layerwise,hidden_state,en_50m,en_zh_a,7,neutral_z,0.7979859060049057,8.134428024291992,-0.07697258546249941,50,0,635.148521118164,1792.4559790039064,4787.130859375,12081.0439453125
layerwise,hidden_state,en_50m,en_zh_a,8,row_l2,0.12385460525751114,0.698828935623169,-0.006182409329339862,50,0,,,1.0,1.0
layerwise,hidden_state,en_50m,en_zh_a,8,neutral_z,0.8099654322862625,7.965789794921875,-0.08567018505127635,50,0,604.981162109375,1758.7716186523437,4746.20556640625,12691.06640625
layerwise,hidden_state,en_50m,en_zh_a,9,row_l2,0.12221368685364724,0.6866199970245361,-0.0024467180971987548,50,0,,,1.0,1.0
layerwise,hidden_state,en_50m,en_zh_a,9,neutral_z,0.8047694796323777,9.513006210327148,-0.09650338655337691,50,0,588.2338989257812,1684.7383544921875,4761.77587890625,12972.5615234375
layerwise,hidden_state,en_50m,en_zh_a,10,row_l2,0.12445150017738342,0.7047995328903198,0.0013754406617954374,50,0,,,1.0,1.0
layerwise,hidden_state,en_50m,en_zh_a,10,neutral_z,0.81154736161232,9.155105590820312,-0.11699824110604823,50,0,597.662470703125,1672.3866137695313,4917.27685546875,13213.4716796875
layerwise,hidden_state,en_50m,en_zh_a,11,row_l2,0.12715085461735726,0.6824326515197754,0.0038357154000550507,50,0,,,1.0,1.0
layerwise,hidden_state,en_50m,en_zh_a,11,neutral_z,0.8307840085029602,9.581134796142578,-0.10874871610663832,50,0,651.4894403076172,1813.2617333984374,5695.6220703125,14298.8740234375
layerwise,hidden_state,en_50m,en_zh_a,12,row_l2,0.1473457008600235,0.7975702285766602,0.004052317682653666,50,0,,,1.0,1.0
layerwise,hidden_state,en_50m,en_zh_a,12,neutral_z,0.8641342401504517,8.116758346557617,-0.11413568140938878,50,0,2.13781268119812,1.8328449892997742,17.33680534362793,13.707242012023926
layerwise,hidden_state,en_50m,en_fr_a,0,row_l2,0.08271861776709556,0.4211842715740204,0.0008843283908208832,50,0,,,1.0,1.0
layerwise,hidden_state,en_50m,en_fr_a,0,neutral_z,0.7273248195648193,5.922357559204102,0.024709052462130784,50,0,0.16295623555779457,0.184330098927021,1.3389452695846558,1.6349390745162964
layerwise,hidden_state,en_50m,en_fr_a,1,row_l2,0.16174996867775918,0.7509584426879883,-0.015444791866466403,50,0,,,1.0,1.0
layerwise,hidden_state,en_50m,en_fr_a,1,neutral_z,0.8281990838050842,7.250749111175537,0.009532711231149732,50,0,627.7521954345704,995.154755859375,3524.27294921875,5447.03564453125
layerwise,hidden_state,en_50m,en_fr_a,2,row_l2,0.1509602364897728,0.6975489854812622,-0.01419189157895744,50,0,,,1.0000001192092896,1.0
layerwise,hidden_state,en_50m,en_fr_a,2,neutral_z,0.8315782970190049,7.635645866394043,0.0035289123887196185,50,0,638.6855676269531,1013.2435302734375,3841.04443359375,6161.94677734375
layerwise,hidden_state,en_50m,en_fr_a,3,row_l2,0.13480857983231545,0.6099119186401367,-0.011994184348732234,50,0,,,1.0,1.0
layerwise,hidden_state,en_50m,en_fr_a,3,neutral_z,0.8302345931529999,7.633506774902344,0.0047200810350477695,50,0,647.3259582519531,1014.3060314941406,4352.083984375,7241.25830078125
layerwise,hidden_state,en_50m,en_fr_a,4,row_l2,0.12883979976177215,0.6141995787620544,-0.012896935390308499,50,0,,,0.9999998807907104,1.0
layerwise,hidden_state,en_50m,en_fr_a,4,neutral_z,0.8312103408575058,7.680181980133057,0.004413863176596351,50,0,648.8250463867188,1013.813115234375,4686.2529296875,7592.32470703125
layerwise,hidden_state,en_50m,en_fr_a,5,row_l2,0.12812504991889,0.6413929462432861,-0.013349638336221688,50,0,,,1.0,1.0
layerwise,hidden_state,en_50m,en_fr_a,5,neutral_z,0.8262119007110595,7.665694236755371,0.004767010305076837,50,0,652.6369757080079,1016.2069152832031,4662.6728515625,7882.2822265625
layerwise,hidden_state,en_50m,en_fr_a,6,row_l2,0.12522421434521674,0.6476033926010132,-0.013155727700795978,50,0,,,1.0,1.0
layerwise,hidden_state,en_50m,en_fr_a,6,neutral_z,0.8261076807975769,7.653622627258301,-0.005819748514331877,50,0,649.7170764160156,1011.5042749023437,4805.36767578125,8061.05078125
layerwise,hidden_state,en_50m,en_fr_a,7,row_l2,0.12248154297471046,0.6651874780654907,-0.011131690181791783,50,0,,,1.0,1.0
layerwise,hidden_state,en_50m,en_fr_a,7,neutral_z,0.823691394329071,7.301674842834473,-0.0033542034402489662,50,0,635.148583984375,1002.653134765625,4787.13134765625,8200.697265625
layerwise,hidden_state,en_50m,en_fr_a,8,row_l2,0.119900973290205,0.6350104808807373,-0.013899352177977562,50,0,,,1.0,1.0
layerwise,hidden_state,en_50m,en_fr_a,8,neutral_z,0.8336714488267899,7.293539047241211,-0.002109141945838928,50,0,604.9811260986328,996.9882360839844,4746.205078125,8522.89453125
layerwise,hidden_state,en_50m,en_fr_a,9,row_l2,0.1193373927474022,0.6770503520965576,-0.012707307437667624,50,0,,,1.0,1.0
layerwise,hidden_state,en_50m,en_fr_a,9,neutral_z,0.8295724141597748,7.619476795196533,0.0072128638811409474,50,0,588.2340362548828,981.6012573242188,4761.77587890625,8504.126953125
layerwise,hidden_state,en_50m,en_fr_a,10,row_l2,0.12165167048573494,0.6534490585327148,-0.011210349835455418,50,0,,,1.0,1.0
layerwise,hidden_state,en_50m,en_fr_a,10,neutral_z,0.8307308709621429,8.122708320617676,0.0007221511378884316,50,0,597.6624963378906,1010.2958618164063,4917.27685546875,8765.412109375
layerwise,hidden_state,en_50m,en_fr_a,11,row_l2,0.12194927133619786,0.6138662099838257,-0.009368289355188608,50,0,,,1.0,1.0
layerwise,hidden_state,en_50m,en_fr_a,11,neutral_z,0.8426437246799469,8.286638259887695,0.003326404355466366,50,0,651.48943359375,1099.6690881347656,5695.62109375,9686.1796875
layerwise,hidden_state,en_50m,en_fr_a,12,row_l2,0.13071732312440873,0.676862895488739,-0.004180151622276754,50,0,,,1.0,1.0
layerwise,hidden_state,en_50m,en_fr_a,12,neutral_z,0.837689328789711,6.9732842445373535,0.022261318353703246,50,0,2.137811496257782,1.9932104277610778,17.336801528930664,16.792613983154297
layerwise,hidden_state,en_50m,en_fas_a,0,row_l2,0.09778015315532684,0.621852695941925,-0.009757564592946437,50,0,,,1.0,1.0
layerwise,hidden_state,en_50m,en_fas_a,0,neutral_z,0.7585511380434036,5.916571617126465,-0.033863631105050446,50,0,0.16295624956488608,0.2182730284333229,1.3389452695846558,1.4759756326675415
layerwise,hidden_state,en_50m,en_fas_a,1,row_l2,0.14310579374432564,0.8117493391036987,-0.008791806317167356,50,0,,,1.0,1.0
layerwise,hidden_state,en_50m,en_fas_a,1,neutral_z,0.8148614680767059,7.467920303344727,-0.038701226748526094,50,0,627.7523248291016,1438.872830810547,3524.2734375,8920.029296875
layerwise,hidden_state,en_50m,en_fas_a,2,row_l2,0.12928399741649627,0.77585768699646,-0.008248318396508693,50,0,,,1.0,1.0
layerwise,hidden_state,en_50m,en_fas_a,2,neutral_z,0.8117187523841858,7.572393417358398,-0.039656648524105546,50,0,638.685361328125,1432.9064135742187,3841.044189453125,10177.876953125
layerwise,hidden_state,en_50m,en_fas_a,3,row_l2,0.12095434337854385,0.732284426689148,-0.006081076298141852,50,0,,,1.0,1.0
layerwise,hidden_state,en_50m,en_fas_a,3,neutral_z,0.8104110836982727,7.682525157928467,-0.03735902384854853,50,0,647.3261920166016,1419.9292724609375,4352.083984375,10731.51953125
layerwise,hidden_state,en_50m,en_fas_a,4,row_l2,0.11532540500164032,0.7263005971908569,-0.007674873350188136,50,0,,,1.0,1.0
layerwise,hidden_state,en_50m,en_fas_a,4,neutral_z,0.8088501191139221,7.651431083679199,-0.03908476923592388,50,0,648.8250335693359,1399.6522387695313,4686.25390625,11221.65234375
layerwise,hidden_state,en_50m,en_fas_a,5,row_l2,0.11446160435676575,0.7671308517456055,-0.010499651823192836,50,0,,,1.0,1.0
layerwise,hidden_state,en_50m,en_fas_a,5,neutral_z,0.8126039159297943,7.326898574829102,-0.03124079329892993,50,0,652.6369476318359,1371.098779296875,4662.6728515625,11444.6943359375
layerwise,hidden_state,en_50m,en_fas_a,6,row_l2,0.11255289942026138,0.7809687852859497,-0.008406480513513089,50,0,,,1.0,1.0
layerwise,hidden_state,en_50m,en_fas_a,6,neutral_z,0.8112572705745698,7.446057319641113,-0.028650498911738397,50,0,649.7171319580078,1355.1838244628907,4805.36865234375,11696.720703125
layerwise,hidden_state,en_50m,en_fas_a,7,row_l2,0.11508760571479798,0.8075105547904968,-0.007372028618119657,50,0,,,1.0,1.0
layerwise,hidden_state,en_50m,en_fas_a,7,neutral_z,0.8171073389053345,8.638910293579102,-0.02266401608940214,50,0,635.1486297607422,1334.2813940429687,4787.1318359375,11295.7001953125
layerwise,hidden_state,en_50m,en_fas_a,8,row_l2,0.12051963299512863,0.8287571668624878,-0.011270887083373964,50,0,,,1.0,1.0
layerwise,hidden_state,en_50m,en_fas_a,8,neutral_z,0.8288798618316651,8.991609573364258,-0.022098941532894968,50,0,604.9812744140625,1343.9757995605469,4746.2060546875,11373.9033203125
layerwise,hidden_state,en_50m,en_fas_a,9,row_l2,0.12343928188085557,0.8407629132270813,-0.01070933861657977,50,0,,,1.0,1.0
layerwise,hidden_state,en_50m,en_fas_a,9,neutral_z,0.8352275907993316,9.66838550567627,-0.029758942727930844,50,0,588.2339990234375,1396.97119140625,4761.77587890625,12103.5498046875
layerwise,hidden_state,en_50m,en_fas_a,10,row_l2,0.12621721252799034,0.8618137836456299,-0.00858353634714149,50,0,,,1.0,1.0
layerwise,hidden_state,en_50m,en_fas_a,10,neutral_z,0.8401915001869201,9.73161506652832,-0.04170302371494472,50,0,597.6625152587891,1489.3468334960937,4917.27587890625,12688.5244140625
layerwise,hidden_state,en_50m,en_fas_a,11,row_l2,0.12815141841769218,0.8226490020751953,-0.005837481995113194,50,0,,,1.0,1.0
layerwise,hidden_state,en_50m,en_fas_a,11,neutral_z,0.8528425949811935,9.491287231445312,-0.02745268791913986,50,0,651.4890777587891,1669.2139123535155,5695.62109375,13856.85546875
layerwise,hidden_state,en_50m,en_fas_a,12,row_l2,0.14987456366419794,0.826580822467804,-0.0038310796348378063,50,0,,,1.0,1.0
layerwise,hidden_state,en_50m,en_fas_a,12,neutral_z,0.8833864361047745,7.676568984985352,0.0012253319285809993,50,0,2.137811985015869,2.0235920763015747,17.336801528930664,14.555462837219238
layerwise,hidden_state,en_50m,en_nld_a,0,row_l2,0.0858827643096447,0.45532160997390747,-0.0010559293613187038,50,0,,,1.0,1.0
layerwise,hidden_state,en_50m,en_nld_a,0,neutral_z,0.7018020826578141,4.991042137145996,0.011895159063860773,50,0,0.16295617640018464,0.2097630274295807,1.3389451503753662,1.586435317993164
layerwise,hidden_state,en_50m,en_nld_a,1,row_l2,0.13999798133969307,0.7486101388931274,-0.008761187646305188,50,0,,,1.0,1.0
layerwise,hidden_state,en_50m,en_nld_a,1,neutral_z,0.7752280700206756,9.932210922241211,-0.027331764874979854,50,0,627.7522650146484,1347.5945971679687,3524.2734375,7576.28955078125
layerwise,hidden_state,en_50m,en_nld_a,2,row_l2,0.1313079757988453,0.7326250076293945,-0.009035920753376558,50,0,,,1.0,1.0
layerwise,hidden_state,en_50m,en_nld_a,2,neutral_z,0.7766833984851838,10.08163070678711,-0.030213783057406546,50,0,638.6853448486328,1359.5484375,3841.0439453125,7973.0556640625
layerwise,hidden_state,en_50m,en_nld_a,3,row_l2,0.11756383776664733,0.6802236437797546,-0.006856838271487504,50,0,,,1.0,1.0
layerwise,hidden_state,en_50m,en_nld_a,3,neutral_z,0.7773772549629211,9.896469116210938,-0.02552546746097505,50,0,647.3259790039062,1361.656494140625,4352.0849609375,9067.1181640625
layerwise,hidden_state,en_50m,en_nld_a,4,row_l2,0.11222066342830658,0.661529541015625,-0.007511258537415415,50,0,,,1.0,1.0
layerwise,hidden_state,en_50m,en_nld_a,4,neutral_z,0.7787391066551208,10.059496879577637,-0.02638942776247859,50,0,648.8249212646484,1364.7147021484375,4686.25341796875,9525.27734375
layerwise,hidden_state,en_50m,en_nld_a,5,row_l2,0.11355299413204194,0.7138883471488953,-0.008753968747332691,50,0,,,1.0,1.0
layerwise,hidden_state,en_50m,en_nld_a,5,neutral_z,0.7783863568305969,10.083080291748047,-0.022313424870371818,50,0,652.6369512939453,1369.2111315917969,4662.6728515625,9557.0341796875
layerwise,hidden_state,en_50m,en_nld_a,6,row_l2,0.11198872476816177,0.7066295146942139,-0.00600830847863108,50,0,,,1.0,1.0
layerwise,hidden_state,en_50m,en_nld_a,6,neutral_z,0.7771247482299805,10.113731384277344,-0.027072226386517285,50,0,649.7171002197266,1362.610184326172,4805.36865234375,9424.7900390625
layerwise,hidden_state,en_50m,en_nld_a,7,row_l2,0.11097112789750099,0.7101461887359619,-0.004686766602098942,50,0,,,1.0,1.0
layerwise,hidden_state,en_50m,en_nld_a,7,neutral_z,0.773108696937561,9.862382888793945,-0.025719968816265464,50,0,635.1485961914062,1349.37177734375,4787.1318359375,9589.5361328125
layerwise,hidden_state,en_50m,en_nld_a,8,row_l2,0.11297606959939004,0.7155411243438721,-0.00829704619012773,50,0,,,1.0,1.0
layerwise,hidden_state,en_50m,en_nld_a,8,neutral_z,0.779131624698639,9.421792030334473,-0.026696208161301912,50,0,604.9813256835937,1314.621629638672,4746.2060546875,9644.6181640625
layerwise,hidden_state,en_50m,en_nld_a,9,row_l2,0.11172654807567596,0.7427308559417725,-0.00665338663617149,50,0,,,1.0,1.0
layerwise,hidden_state,en_50m,en_nld_a,9,neutral_z,0.7730461609363556,8.730016708374023,-0.020556052653118967,50,0,588.2339416503906,1267.0345947265625,4761.77490234375,9973.83203125
layerwise,hidden_state,en_50m,en_nld_a,10,row_l2,0.11533929497003555,0.7775160074234009,-0.007658350957208313,50,0,,,1.0,1.0
layerwise,hidden_state,en_50m,en_nld_a,10,neutral_z,0.7851374071836471,9.228803634643555,-0.03339265041053295,50,0,597.6626251220703,1213.04234375,4917.27587890625,10041.36328125
layerwise,hidden_state,en_50m,en_nld_a,11,row_l2,0.11956003710627555,0.7446153163909912,-0.006474283778807148,50,0,,,1.0,1.0
layerwise,hidden_state,en_50m,en_nld_a,11,neutral_z,0.8149888932704925,9.32828426361084,-0.03697823442518711,50,0,651.4894921875,1271.6092102050782,5695.6220703125,11018.279296875
layerwise,hidden_state,en_50m,en_nld_a,12,row_l2,0.13272346898913384,0.690734326839447,0.008846841567137744,50,0,,,1.0,1.0
layerwise,hidden_state,en_50m,en_nld_a,12,neutral_z,0.824986874461174,8.039230346679688,-0.012602861300110816,50,0,2.137812011241913,1.993892114162445,17.33680534362793,16.672483444213867
layerwise,hidden_state,en_50m,en_ukr_a,0,row_l2,0.09973446980118751,0.6137868165969849,0.008588423280889402,50,0,,,1.0,1.0
layerwise,hidden_state,en_50m,en_ukr_a,0,neutral_z,0.7436214357614517,5.335599899291992,0.02572231344296597,50,0,0.16295624807476997,0.2281969094276428,1.3389452695846558,1.5120580196380615
layerwise,hidden_state,en_50m,en_ukr_a,1,row_l2,0.13373112231492995,0.8571732044219971,-0.0005157251819036901,50,0,,,1.0,1.0
layerwise,hidden_state,en_50m,en_ukr_a,1,neutral_z,0.8204666519165039,6.979753494262695,0.018308799844235182,50,0,627.75216796875,1184.7197619628905,3524.27294921875,8534.568359375
layerwise,hidden_state,en_50m,en_ukr_a,2,row_l2,0.12301436275243759,0.8335928916931152,6.623943569138647e-05,50,0,,,1.0,1.0
layerwise,hidden_state,en_50m,en_ukr_a,2,neutral_z,0.8165881103277206,7.038773536682129,0.016831554137170315,50,0,638.6853387451172,1175.4204809570313,3841.0439453125,9312.00390625
layerwise,hidden_state,en_50m,en_ukr_a,3,row_l2,0.11821605578064918,0.7596129775047302,0.0014138465724681736,50,0,,,1.0,1.0
layerwise,hidden_state,en_50m,en_ukr_a,3,neutral_z,0.8159837424755096,7.012365818023682,0.017328403126448393,50,0,647.3262249755859,1176.3239782714843,4352.08447265625,9716.568359375
layerwise,hidden_state,en_50m,en_ukr_a,4,row_l2,0.11480165615677834,0.7131105661392212,0.002394139299285598,50,0,,,1.0000001192092896,1.0
layerwise,hidden_state,en_50m,en_ukr_a,4,neutral_z,0.8175051295757294,6.990195274353027,0.017071598896291108,50,0,648.8250482177734,1170.9209582519532,4686.25341796875,10007.1015625
layerwise,hidden_state,en_50m,en_ukr_a,5,row_l2,0.11149893537163734,0.7477070093154907,-0.0005313333310186862,50,0,,,1.0,1.0
layerwise,hidden_state,en_50m,en_ukr_a,5,neutral_z,0.815512136220932,6.93133544921875,0.020085799358785152,50,0,652.6368151855469,1157.0990673828126,4662.67333984375,10327.2021484375
layerwise,hidden_state,en_50m,en_ukr_a,6,row_l2,0.10947570204734802,0.7553865909576416,-0.0010776183800771833,50,0,,,1.0,1.0
layerwise,hidden_state,en_50m,en_ukr_a,6,neutral_z,0.8090548485517501,6.932462692260742,0.018650638023391366,50,0,649.7171490478515,1139.9800634765625,4805.36767578125,10606.6142578125
layerwise,hidden_state,en_50m,en_ukr_a,7,row_l2,0.11163137093186379,0.7686800360679626,0.00014093530364334584,50,0,,,1.0,1.0
layerwise,hidden_state,en_50m,en_ukr_a,7,neutral_z,0.8157202035188675,7.201113700866699,0.016525821145623922,50,0,635.1483715820312,1124.7564599609375,4787.130859375,10284.4755859375
layerwise,hidden_state,en_50m,en_ukr_a,8,row_l2,0.11653386920690537,0.7679696083068848,-0.004082661774009466,50,0,,,1.0,1.0
layerwise,hidden_state,en_50m,en_ukr_a,8,neutral_z,0.8104984223842621,8.880767822265625,0.020585086366627366,50,0,604.9812127685547,1092.266368408203,4746.205078125,9959.4248046875
layerwise,hidden_state,en_50m,en_ukr_a,9,row_l2,0.11941693484783172,0.7698837518692017,0.0010923833772540092,50,0,,,1.0,1.0
layerwise,hidden_state,en_50m,en_ukr_a,9,neutral_z,0.7973946726322174,9.453388214111328,0.026706590484827757,50,0,588.2339727783203,1107.2944958496093,4761.77490234375,10207.0888671875
layerwise,hidden_state,en_50m,en_ukr_a,10,row_l2,0.12393926590681076,0.7526932954788208,0.006018791645765305,50,0,,,1.0,1.0
layerwise,hidden_state,en_50m,en_ukr_a,10,neutral_z,0.8031441640853881,9.209312438964844,0.0353387388959527,50,0,597.6625805664063,1181.4778771972656,4917.27685546875,11323.404296875
layerwise,hidden_state,en_50m,en_ukr_a,11,row_l2,0.13428470119833946,0.7352920770645142,0.00993356348015368,50,0,,,1.0,1.0
layerwise,hidden_state,en_50m,en_ukr_a,11,neutral_z,0.8293511217832565,9.397684097290039,0.05647795882076025,50,0,651.4892297363281,1431.3417028808594,5695.62109375,12136.1435546875
layerwise,hidden_state,en_50m,en_ukr_a,12,row_l2,0.15055100612342356,0.7930878400802612,0.019180512940511107,50,0,,,1.0,1.0
layerwise,hidden_state,en_50m,en_ukr_a,12,neutral_z,0.7857955485582352,7.576101303100586,0.04933942651376128,50,0,2.1378121733665467,2.1502414464950563,17.336801528930664,16.7139835357666
layerwise,hidden_state,en_50m,en_bul_a,0,row_l2,0.08496299043297767,0.4607926607131958,-0.0015307877986924722,50,0,,,1.0,1.0
layerwise,hidden_state,en_50m,en_bul_a,0,neutral_z,0.6817667633295059,5.797996520996094,0.017779822163283825,50,0,0.16295629754662513,0.20036212533712386,1.3389455080032349,1.5063374042510986
layerwise,hidden_state,en_50m,en_bul_a,1,row_l2,0.1353237088024616,0.7513396143913269,-0.010712173188803718,50,0,,,1.0,1.0
layerwise,hidden_state,en_50m,en_bul_a,1,neutral_z,0.773015547990799,9.137128829956055,0.007789397174492479,50,0,627.7521099853516,1429.5057165527344,3524.2724609375,7790.630859375
layerwise,hidden_state,en_50m,en_bul_a,2,row_l2,0.12670834973454476,0.7463129162788391,-0.009374602560419588,50,0,,,1.0,1.0
layerwise,hidden_state,en_50m,en_bul_a,2,neutral_z,0.7715093863010406,9.357854843139648,0.006555552016943693,50,0,638.6855108642578,1437.4511486816407,3841.04443359375,8121.658203125
layerwise,hidden_state,en_50m,en_bul_a,3,row_l2,0.1150356237590313,0.7024105787277222,-0.005072311143158004,50,0,,,1.0,1.0
layerwise,hidden_state,en_50m,en_bul_a,3,neutral_z,0.769978255033493,9.361617088317871,0.006076868491072673,50,0,647.326162109375,1442.312626953125,4352.0849609375,8652.3896484375
layerwise,hidden_state,en_50m,en_bul_a,4,row_l2,0.10814958274364471,0.6723774671554565,-0.0018972694035619497,50,0,,,1.0,1.0
layerwise,hidden_state,en_50m,en_bul_a,4,neutral_z,0.770780182480812,9.27515697479248,0.0026518353819847107,50,0,648.8249725341797,1448.5170678710938,4686.2529296875,9208.8583984375
layerwise,hidden_state,en_50m,en_bul_a,5,row_l2,0.10615932762622833,0.6440402865409851,-0.0010209874119027518,50,0,,,1.0,1.0
layerwise,hidden_state,en_50m,en_bul_a,5,neutral_z,0.7717609804868698,9.200098991394043,0.006646744199097157,50,0,652.6370001220703,1455.603358154297,4662.6728515625,9801.1357421875
layerwise,hidden_state,en_50m,en_bul_a,6,row_l2,0.10322737574577331,0.6396478414535522,-0.0020785751845687627,50,0,,,0.9999999403953552,1.0
layerwise,hidden_state,en_50m,en_bul_a,6,neutral_z,0.7708781492710114,9.011710166931152,0.004036551219178364,50,0,649.7170806884766,1443.8297985839845,4805.3681640625,9952.4140625
layerwise,hidden_state,en_50m,en_bul_a,7,row_l2,0.10409374192357063,0.6598030924797058,-0.0027252048102673143,50,0,,,0.9999998211860657,1.0
layerwise,hidden_state,en_50m,en_bul_a,7,neutral_z,0.7717951154708862,8.768270492553711,0.00024078000424196944,50,0,635.1485479736328,1424.2170556640624,4787.1318359375,9630.66796875
layerwise,hidden_state,en_50m,en_bul_a,8,row_l2,0.10601214572787285,0.6716112494468689,-0.008394967844360508,50,0,,,1.0,1.0
layerwise,hidden_state,en_50m,en_bul_a,8,neutral_z,0.7825747519731522,8.541942596435547,-0.006320131309330464,50,0,604.9811553955078,1381.9474450683595,4746.205078125,9725.55859375
layerwise,hidden_state,en_50m,en_bul_a,9,row_l2,0.11075641229748726,0.6765366196632385,-0.00893166996538639,50,0,,,1.0,1.0
layerwise,hidden_state,en_50m,en_bul_a,9,neutral_z,0.7907876980304718,8.641592979431152,-0.012390954112634063,50,0,588.2339318847656,1273.4655981445312,4761.775390625,9584.7001953125
layerwise,hidden_state,en_50m,en_bul_a,10,row_l2,0.11272408470511436,0.7375520467758179,-0.004335331660695374,50,0,,,1.0,1.0
layerwise,hidden_state,en_50m,en_bul_a,10,neutral_z,0.7936323857307435,8.724318504333496,0.009525088109076024,50,0,597.6625262451172,1184.02001953125,4917.27587890625,9175.697265625
layerwise,hidden_state,en_50m,en_bul_a,11,row_l2,0.12006814256310464,0.7399489283561707,0.002416442250832915,50,0,,,1.0,1.0
layerwise,hidden_state,en_50m,en_bul_a,11,neutral_z,0.7891097509860993,8.503304481506348,0.00048567015677690505,50,0,651.4896643066406,1304.438319091797,5695.62109375,10326.1162109375
layerwise,hidden_state,en_50m,en_bul_a,12,row_l2,0.14003492623567582,0.6861159801483154,0.008005269411951304,50,0,,,0.9999999403953552,1.0
layerwise,hidden_state,en_50m,en_bul_a,12,neutral_z,0.7498081320524216,6.7496185302734375,-0.008062114808708429,50,0,2.137812068462372,2.3318110799789427,17.336801528930664,16.1527042388916
layerwise,hidden_state,en_50m,en_ind_a,0,row_l2,0.0855143591761589,0.4949316084384918,0.00413932632887736,50,0,,,1.0,1.0
layerwise,hidden_state,en_50m,en_ind_a,0,neutral_z,0.7129636627435684,5.091582298278809,-0.023808054169639947,50,0,0.1629562558233738,0.19515033274888993,1.3389452695846558,1.5765572786331177
layerwise,hidden_state,en_50m,en_ind_a,1,row_l2,0.1375920879840851,0.7701846361160278,0.005349999294267036,50,0,,,1.0,1.0
layerwise,hidden_state,en_50m,en_ind_a,1,neutral_z,0.8015359365940093,6.940944194793701,-0.0963151464611292,50,0,627.75234375,1200.6448999023437,3524.2734375,6274.1611328125
layerwise,hidden_state,en_50m,en_ind_a,2,row_l2,0.12849639907479285,0.7649543285369873,0.0025693504768423735,50,0,,,1.0,1.0
layerwise,hidden_state,en_50m,en_ind_a,2,neutral_z,0.7982739043235779,7.046205520629883,-0.09890605207532645,50,0,638.6857470703125,1220.409093017578,3841.044677734375,6738.58642578125
layerwise,hidden_state,en_50m,en_ind_a,3,row_l2,0.11951289772987365,0.705062747001648,0.0041547280922532084,50,0,,,1.0,1.0
layerwise,hidden_state,en_50m,en_ind_a,3,neutral_z,0.8014036750793457,7.068813800811768,-0.10162107355892658,50,0,647.3259130859375,1219.8325793457032,4352.083984375,7323.80712890625
layerwise,hidden_state,en_50m,en_ind_a,4,row_l2,0.11438256531953811,0.6758098602294922,0.0021941742300987245,50,0,,,1.0,1.0
layerwise,hidden_state,en_50m,en_ind_a,4,neutral_z,0.8030932676792145,7.082920551300049,-0.1043103191256523,50,0,648.8249682617187,1222.4658178710938,4686.2529296875,7634.33642578125
layerwise,hidden_state,en_50m,en_ind_a,5,row_l2,0.11392197266221046,0.6729603409767151,-0.002062013739487156,50,0,,,0.9999998807907104,1.0
layerwise,hidden_state,en_50m,en_ind_a,5,neutral_z,0.8002014458179474,7.141679763793945,-0.0990913357399404,50,0,652.6368103027344,1217.3734191894532,4662.67236328125,7719.5927734375
layerwise,hidden_state,en_50m,en_ind_a,6,row_l2,0.11109412863850593,0.655271589756012,-0.0009071020968258381,50,0,,,0.9999998807907104,1.0
layerwise,hidden_state,en_50m,en_ind_a,6,neutral_z,0.800194640159607,7.276082992553711,-0.10465304519981146,50,0,649.716943359375,1208.0583642578124,4805.36767578125,7901.15673828125
layerwise,hidden_state,en_50m,en_ind_a,7,row_l2,0.10907844841480255,0.6389962434768677,-0.0017402114614378662,50,0,,,1.0,1.0
layerwise,hidden_state,en_50m,en_ind_a,7,neutral_z,0.7986628866195679,7.576151371002197,-0.10927090359618888,50,0,635.1484527587891,1176.490654296875,4787.13134765625,7870.31103515625
layerwise,hidden_state,en_50m,en_ind_a,8,row_l2,0.10914165079593659,0.692090630531311,-0.00712037009652704,50,0,,,1.0,1.0
layerwise,hidden_state,en_50m,en_ind_a,8,neutral_z,0.8024592411518097,7.571901321411133,-0.10624877863563598,50,0,604.9809539794921,1133.3983435058594,4746.20458984375,7792.12109375
layerwise,hidden_state,en_50m,en_ind_a,9,row_l2,0.10990862444043159,0.658578634262085,-0.01015348524262663,50,0,,,1.0,1.0
layerwise,hidden_state,en_50m,en_ind_a,9,neutral_z,0.7913714945316315,9.010019302368164,-0.10231838187202812,50,0,588.2340539550781,1099.318526611328,4761.775390625,8146.08251953125
layerwise,hidden_state,en_50m,en_ind_a,10,row_l2,0.11062452107667924,0.643720269203186,-0.004531524009071291,50,0,,,1.0,1.0
layerwise,hidden_state,en_50m,en_ind_a,10,neutral_z,0.8005129563808441,9.603073120117188,-0.0988079412188381,50,0,597.6626611328124,1141.70857421875,4917.27587890625,8878.234375
layerwise,hidden_state,en_50m,en_ind_a,11,row_l2,0.11257481262087822,0.6081600785255432,-0.004928973263595253,50,0,,,1.0,1.0
layerwise,hidden_state,en_50m,en_ind_a,11,neutral_z,0.8247518968582154,9.470298767089844,-0.10545883677899838,50,0,651.4894635009765,1185.7283605957032,5695.6220703125,9696.54296875
layerwise,hidden_state,en_50m,en_ind_a,12,row_l2,0.12901003465056418,0.7981697916984558,0.006052644324954599,50,0,,,1.0000001192092896,1.0
layerwise,hidden_state,en_50m,en_ind_a,12,neutral_z,0.8034975063800812,8.143485069274902,-0.07563852509483696,50,0,2.137811830043793,2.2964855575561525,17.33680534362793,16.906984329223633
layerwise,hidden_state,en_50m,en_deu_a,0,row_l2,0.08771788865327836,0.4744083285331726,-0.0015870215347968042,50,0,,,1.0,1.0
layerwise,hidden_state,en_50m,en_deu_a,0,neutral_z,0.7322409462928772,5.225972652435303,0.016453078356571494,50,0,0.16295627385377884,0.19982944548130036,1.3389453887939453,1.5568584203720093
layerwise,hidden_state,en_50m,en_deu_a,1,row_l2,0.1363677591085434,0.7464064359664917,-0.008807549180928617,50,0,,,1.0,1.0
layerwise,hidden_state,en_50m,en_deu_a,1,neutral_z,0.8163806939125061,7.927671909332275,-0.006063904664479196,50,0,627.7523596191406,1455.3603735351562,3524.2734375,7851.1708984375
layerwise,hidden_state,en_50m,en_deu_a,2,row_l2,0.13080887287855147,0.742125391960144,-0.007306319270282984,50,0,,,1.0,1.0
layerwise,hidden_state,en_50m,en_deu_a,2,neutral_z,0.8172105038166046,7.875382900238037,-0.009889931755606086,50,0,638.6853546142578,1475.0437927246094,3841.0439453125,8163.0078125
layerwise,hidden_state,en_50m,en_deu_a,3,row_l2,0.12152504578232765,0.7232232093811035,-0.002712030075490475,50,0,,,1.0,1.0
layerwise,hidden_state,en_50m,en_deu_a,3,neutral_z,0.8162821424007416,7.691500186920166,-0.00974948963150382,50,0,647.3259796142578,1484.3320666503905,4352.083984375,8745.4130859375
layerwise,hidden_state,en_50m,en_deu_a,4,row_l2,0.11788395389914513,0.6819958090782166,-0.0022790309274569156,50,0,,,0.9999998807907104,1.0
layerwise,hidden_state,en_50m,en_deu_a,4,neutral_z,0.816517585515976,7.653664588928223,-0.012698615053668618,50,0,648.8249725341797,1487.6145422363281,4686.25341796875,9025.26171875
layerwise,hidden_state,en_50m,en_deu_a,5,row_l2,0.1163432726264,0.6934512257575989,-0.0014330552858882583,50,0,,,1.0,1.0
layerwise,hidden_state,en_50m,en_deu_a,5,neutral_z,0.8159499609470368,7.691976547241211,-0.009401221154257655,50,0,652.6368914794922,1491.4432177734375,4662.6728515625,9347.65625
layerwise,hidden_state,en_50m,en_deu_a,6,row_l2,0.11321532145142556,0.6590903997421265,0.0021360537875443697,50,0,,,1.0,1.0
layerwise,hidden_state,en_50m,en_deu_a,6,neutral_z,0.8152540123462677,7.701260089874268,-0.01117607587017119,50,0,649.7169189453125,1488.8707580566406,4805.3681640625,9715.185546875
layerwise,hidden_state,en_50m,en_deu_a,7,row_l2,0.11197957053780555,0.6509928703308105,0.003811949773225933,50,0,,,1.0,1.0
layerwise,hidden_state,en_50m,en_deu_a,7,neutral_z,0.8131521570682526,7.83514928817749,-0.011318432707339525,50,0,635.1485693359375,1488.1030505371093,4787.13134765625,9970.662109375
layerwise,hidden_state,en_50m,en_deu_a,8,row_l2,0.11333121761679649,0.6335123181343079,0.0007274962263181806,50,0,,,1.0,1.0
layerwise,hidden_state,en_50m,en_deu_a,8,neutral_z,0.8236868715286255,7.602901458740234,-0.015143224913626909,50,0,604.9812194824219,1468.7808581542968,4746.205078125,10335.7119140625
layerwise,hidden_state,en_50m,en_deu_a,9,row_l2,0.11437097638845443,0.6490359902381897,0.002320576042184257,50,0,,,1.0,1.0
layerwise,hidden_state,en_50m,en_deu_a,9,neutral_z,0.8284108293056488,7.676865577697754,-0.010767372418195009,50,0,588.2340386962891,1453.7673083496093,4761.7763671875,10736.072265625
layerwise,hidden_state,en_50m,en_deu_a,10,row_l2,0.1185953477025032,0.6652016639709473,0.01091521226335317,50,0,,,1.0,1.0
layerwise,hidden_state,en_50m,en_deu_a,10,neutral_z,0.8343729472160339,7.508675575256348,-0.026920690108090638,50,0,597.6623748779297,1359.6978161621093,4917.275390625,10559.50390625
layerwise,hidden_state,en_50m,en_deu_a,11,row_l2,0.1242901386320591,0.6467208862304688,0.019021065207198262,50,0,,,1.0,1.0
layerwise,hidden_state,en_50m,en_deu_a,11,neutral_z,0.8441600704193115,7.871368408203125,-0.02661394700407982,50,0,651.4894122314453,1381.0039916992187,5695.62109375,11205.2080078125
layerwise,hidden_state,en_50m,en_deu_a,12,row_l2,0.14032359838485717,0.857324481010437,0.023358386699110268,50,0,,,1.0,1.0
layerwise,hidden_state,en_50m,en_deu_a,12,neutral_z,0.8436444163322449,7.8840436935424805,-0.022313455714611338,50,0,2.1378129839897158,2.1314137601852416,17.336801528930664,16.613956451416016
layerwise,hidden_state,en_100m,en_zh_a,0,row_l2,0.10472087383270264,0.5112943649291992,-0.013878957615233958,50,0,,,1.0,1.0
layerwise,hidden_state,en_100m,en_zh_a,0,neutral_z,0.7973852670192718,5.641604423522949,-0.02433190882205963,50,0,0.20195895552635193,0.22229936659336091,1.718713641166687,1.4772119522094727
layerwise,hidden_state,en_100m,en_zh_a,1,row_l2,0.1749073977768421,0.9546700716018677,-0.019043525031302123,50,0,,,1.0,1.0
layerwise,hidden_state,en_100m,en_zh_a,1,neutral_z,0.8598040556907653,6.856065273284912,-0.04867939531104639,50,0,1378.7514416503907,1880.41986328125,7847.5458984375,9206.423828125
layerwise,hidden_state,en_100m,en_zh_a,2,row_l2,0.16434474498033524,0.9172042012214661,-0.014030254743993283,50,0,,,1.0,1.0
layerwise,hidden_state,en_100m,en_zh_a,2,neutral_z,0.858852391242981,6.590176582336426,-0.04981915877666324,50,0,1387.1577111816407,1884.177236328125,8222.0546875,9926.875
layerwise,hidden_state,en_100m,en_zh_a,3,row_l2,0.154462558478117,0.8790592551231384,-0.010797542561776936,50,0,,,1.0,1.0
layerwise,hidden_state,en_100m,en_zh_a,3,neutral_z,0.8578403544425964,6.625000476837158,-0.05034770168364048,50,0,1387.1424890136718,1879.1217358398437,8781.919921875,10338.28515625
layerwise,hidden_state,en_100m,en_zh_a,4,row_l2,0.146937765032053,0.8563902974128723,-0.009004512899555266,50,0,,,1.0,1.0
layerwise,hidden_state,en_100m,en_zh_a,4,neutral_z,0.8562364065647126,6.564783096313477,-0.047082733400166034,50,0,1379.392333984375,1886.83767578125,9038.650390625,10694.9521484375
layerwise,hidden_state,en_100m,en_zh_a,5,row_l2,0.14023541137576104,0.8389328718185425,-0.008062123991549016,50,0,,,1.0,1.0
layerwise,hidden_state,en_100m,en_zh_a,5,neutral_z,0.8559765672683716,6.727381706237793,-0.04907817227765918,50,0,1379.2120202636718,1869.8278076171875,9351.2578125,11036.265625
layerwise,hidden_state,en_100m,en_zh_a,6,row_l2,0.1322900439798832,0.8283805847167969,-0.005729179475456476,50,0,,,1.0,1.0
layerwise,hidden_state,en_100m,en_zh_a,6,neutral_z,0.8522324800491333,7.094663143157959,-0.046941473368788136,50,0,1376.3126733398437,1845.8808227539062,9703.7333984375,11481.38671875
layerwise,hidden_state,en_100m,en_zh_a,7,row_l2,0.12622085198760033,0.8177434206008911,-0.008064777441322803,50,0,,,1.000000238418579,1.0
layerwise,hidden_state,en_100m,en_zh_a,7,neutral_z,0.8512798893451691,7.276704788208008,-0.051832442060112956,50,0,1354.2674487304687,1792.4559790039064,9713.80078125,12081.0439453125
layerwise,hidden_state,en_100m,en_zh_a,8,row_l2,0.12116414815187454,0.7803983688354492,-0.006432676217518747,50,0,,,1.0,1.0
layerwise,hidden_state,en_100m,en_zh_a,8,neutral_z,0.8445078873634339,6.954257965087891,-0.06522906374186277,50,0,1312.1888342285156,1758.7716186523437,9616.8037109375,12691.06640625
layerwise,hidden_state,en_100m,en_zh_a,9,row_l2,0.11833696901798248,0.7801518440246582,-0.0034200469660572706,50,0,,,1.0,1.0
layerwise,hidden_state,en_100m,en_zh_a,9,neutral_z,0.8247427761554718,6.548415184020996,-0.06854757331311703,50,0,1253.9421020507812,1684.7383544921875,9152.8701171875,12972.5615234375
layerwise,hidden_state,en_100m,en_zh_a,10,row_l2,0.11727216109633445,0.7463834285736084,0.0009956885548308492,50,0,,,1.0,1.0
layerwise,hidden_state,en_100m,en_zh_a,10,neutral_z,0.8315722477436066,6.149886608123779,-0.09465980540029705,50,0,1243.6434924316407,1672.3866137695313,10409.69921875,13213.4716796875
layerwise,hidden_state,en_100m,en_zh_a,11,row_l2,0.12184603706002235,0.8209636211395264,-0.0014569184216088615,50,0,,,1.0,1.0
layerwise,hidden_state,en_100m,en_zh_a,11,neutral_z,0.8447330319881439,8.172294616699219,-0.09882112887687981,50,0,1287.354737548828,1813.2617333984374,11242.255859375,14298.8740234375
layerwise,hidden_state,en_100m,en_zh_a,12,row_l2,0.14356642141938208,0.8231812715530396,-0.018573602930409834,50,0,,,1.0,1.0
layerwise,hidden_state,en_100m,en_zh_a,12,neutral_z,0.918000510931015,7.208988189697266,-0.11097414875403047,50,0,2.5779888677597045,1.8328449892997742,21.722707748413086,13.707242012023926
layerwise,hidden_state,en_100m,en_fr_a,0,row_l2,0.08464034840464592,0.4241412281990051,-0.003145303224446252,50,0,,,1.0,1.0
layerwise,hidden_state,en_100m,en_fr_a,0,neutral_z,0.7510690188407898,5.795716285705566,0.01550729965325445,50,0,0.20195891052484513,0.184330098927021,1.718713641166687,1.6349390745162964
layerwise,hidden_state,en_100m,en_fr_a,1,row_l2,0.15711545646190644,0.7798044681549072,-0.03168909589061514,50,0,,,1.0,1.0
layerwise,hidden_state,en_100m,en_fr_a,1,neutral_z,0.8520259404182434,7.37741231918335,0.02858406748622656,50,0,1378.7516638183595,995.154755859375,7847.5478515625,5447.03564453125
layerwise,hidden_state,en_100m,en_fr_a,2,row_l2,0.14735261112451553,0.7306503057479858,-0.02744524276815355,50,0,,,1.0,1.0
layerwise,hidden_state,en_100m,en_fr_a,2,neutral_z,0.856532107591629,7.629693031311035,0.026359715852886437,50,0,1387.1578198242187,1013.2435302734375,8222.0556640625,6161.94677734375
layerwise,hidden_state,en_100m,en_fr_a,3,row_l2,0.13382212191820145,0.6716388463973999,-0.02242951624561101,50,0,,,1.0,1.0
layerwise,hidden_state,en_100m,en_fr_a,3,neutral_z,0.8565105962753295,7.651740074157715,0.02473095392808318,50,0,1387.1421459960939,1014.3060314941406,8781.919921875,7241.25830078125
layerwise,hidden_state,en_100m,en_fr_a,4,row_l2,0.12965984016656876,0.660858154296875,-0.021362267239019274,50,0,,,1.0,1.0
layerwise,hidden_state,en_100m,en_fr_a,4,neutral_z,0.8584152340888977,7.556681156158447,0.027951612528413536,50,0,1379.3918127441407,1013.813115234375,9038.646484375,7592.32470703125
layerwise,hidden_state,en_100m,en_fr_a,5,row_l2,0.12545328453183174,0.6562834978103638,-0.018860939564183353,50,0,,,1.0,1.0
layerwise,hidden_state,en_100m,en_fr_a,5,neutral_z,0.8554507422447205,7.458697319030762,0.025347279449924827,50,0,1379.2118347167968,1016.2069152832031,9351.2578125,7882.2822265625
layerwise,hidden_state,en_100m,en_fr_a,6,row_l2,0.12140493854880333,0.6453462839126587,-0.01694123609486269,50,0,,,1.0,1.0
layerwise,hidden_state,en_100m,en_fr_a,6,neutral_z,0.8565952038764953,7.394933700561523,0.020448448389652187,50,0,1376.3127087402345,1011.5042749023437,9703.7333984375,8061.05078125
layerwise,hidden_state,en_100m,en_fr_a,7,row_l2,0.11953552961349487,0.6412560939788818,-0.017228675188744092,50,0,,,1.0,1.0
layerwise,hidden_state,en_100m,en_fr_a,7,neutral_z,0.8581003701686859,7.176964282989502,0.021785911992192267,50,0,1354.2670666503907,1002.653134765625,9713.798828125,8200.697265625
layerwise,hidden_state,en_100m,en_fr_a,8,row_l2,0.11373527526855469,0.6235745549201965,-0.014149585184641182,50,0,,,1.0,1.0
layerwise,hidden_state,en_100m,en_fr_a,8,neutral_z,0.854204351902008,6.403708457946777,0.018331886189989745,50,0,1312.1887231445312,996.9882360839844,9616.80078125,8522.89453125
layerwise,hidden_state,en_100m,en_fr_a,9,row_l2,0.11491605713963508,0.6523312926292419,-0.013680636717472225,50,0,,,1.0,1.0
layerwise,hidden_state,en_100m,en_fr_a,9,neutral_z,0.8452228260040283,6.890522480010986,0.03516866465099156,50,0,1253.9420922851561,981.6012573242188,9152.8701171875,8504.126953125
layerwise,hidden_state,en_100m,en_fr_a,10,row_l2,0.11127595543861389,0.6390446424484253,-0.011590107553638518,50,0,,,1.0,1.0
layerwise,hidden_state,en_100m,en_fr_a,10,neutral_z,0.8417748641967774,7.487139701843262,0.023060631908010693,50,0,1243.6437634277345,1010.2958618164063,10409.6982421875,8765.412109375
layerwise,hidden_state,en_100m,en_fr_a,11,row_l2,0.11443218156695366,0.7289817929267883,-0.014660948063246906,50,0,,,1.0,1.0
layerwise,hidden_state,en_100m,en_fr_a,11,neutral_z,0.8806858056783676,7.407628059387207,0.013253954329993576,50,0,1287.3548168945313,1099.6690881347656,11242.2548828125,9686.1796875
layerwise,hidden_state,en_100m,en_fr_a,12,row_l2,0.13511677391827107,1.029815435409546,-0.026806124136783183,50,0,,,1.0,1.0
layerwise,hidden_state,en_100m,en_fr_a,12,neutral_z,0.9406513905525208,7.705869674682617,0.02542302302084863,50,0,2.577989408969879,1.9932104277610778,21.722707748413086,16.792613983154297
layerwise,hidden_state,en_100m,en_fas_a,0,row_l2,0.10449161291122437,0.5430810451507568,-0.013787195596378296,50,0,,,1.0,1.0
layerwise,hidden_state,en_100m,en_fas_a,0,neutral_z,0.7859222292900085,4.942268371582031,-0.04306540090590715,50,0,0.20195890426635743,0.2182730284333229,1.718713641166687,1.4759756326675415
layerwise,hidden_state,en_100m,en_fas_a,1,row_l2,0.15739291802048683,0.8663727641105652,-0.025036103097954766,50,0,,,1.0,1.0
layerwise,hidden_state,en_100m,en_fas_a,1,neutral_z,0.8531175804138184,7.684844970703125,-0.019649919793009757,50,0,1378.7516760253907,1438.872830810547,7847.54638671875,8920.029296875
layerwise,hidden_state,en_100m,en_fas_a,2,row_l2,0.14555474251508713,0.8382536768913269,-0.02150167986517772,50,0,,,1.0,1.0
layerwise,hidden_state,en_100m,en_fas_a,2,neutral_z,0.8517007744312286,7.762279510498047,-0.016825836263597013,50,0,1387.158134765625,1432.9064135742187,8222.056640625,10177.876953125
layerwise,hidden_state,en_100m,en_fas_a,3,row_l2,0.13601768925786017,0.794567346572876,-0.01651640759781003,50,0,,,1.0,1.0
layerwise,hidden_state,en_100m,en_fas_a,3,neutral_z,0.8493632566928864,7.877971649169922,-0.017348094396293163,50,0,1387.1420080566406,1419.9292724609375,8781.91796875,10731.51953125
layerwise,hidden_state,en_100m,en_fas_a,4,row_l2,0.12961049973964692,0.771295428276062,-0.01614021573070204,50,0,,,1.0,1.0
layerwise,hidden_state,en_100m,en_fas_a,4,neutral_z,0.8467195546627044,8.03171157836914,-0.015546961799263953,50,0,1379.391796875,1399.6522387695313,9038.6484375,11221.65234375
layerwise,hidden_state,en_100m,en_fas_a,5,row_l2,0.12752627953886986,0.7677562236785889,-0.016010956978425382,50,0,,,1.0,1.0
layerwise,hidden_state,en_100m,en_fas_a,5,neutral_z,0.8585245883464814,8.117064476013184,-0.010660479683429003,50,0,1379.2118200683594,1371.098779296875,9351.2587890625,11444.6943359375
layerwise,hidden_state,en_100m,en_fas_a,6,row_l2,0.12261934012174606,0.7680506706237793,-0.0121919517358765,50,0,,,1.0,1.0
layerwise,hidden_state,en_100m,en_fas_a,6,neutral_z,0.8588707888126373,8.321857452392578,-0.0023822650872170927,50,0,1376.3121948242188,1355.1838244628907,9703.7314453125,11696.720703125
layerwise,hidden_state,en_100m,en_fas_a,7,row_l2,0.12500204920768737,0.7837787866592407,-0.013469029595144092,50,0,,,1.0,1.0
layerwise,hidden_state,en_100m,en_fas_a,7,neutral_z,0.8675205254554749,8.906435012817383,0.00247613113373518,50,0,1354.2669360351563,1334.2813940429687,9713.798828125,11295.7001953125
layerwise,hidden_state,en_100m,en_fas_a,8,row_l2,0.12133980512619019,0.797827959060669,-0.011521155973896384,50,0,,,1.0,1.0
layerwise,hidden_state,en_100m,en_fas_a,8,neutral_z,0.8703108215332032,9.681894302368164,-0.0016578564047813416,50,0,1312.1889196777345,1343.9757995605469,9616.8017578125,11373.9033203125
layerwise,hidden_state,en_100m,en_fas_a,9,row_l2,0.1220154620707035,0.8263828754425049,-0.011682667781133204,50,0,,,1.0,1.0
layerwise,hidden_state,en_100m,en_fas_a,9,neutral_z,0.8549351108074188,10.226863861083984,-0.0018030866235494614,50,0,1253.9422619628906,1396.97119140625,9152.8701171875,12103.5498046875
layerwise,hidden_state,en_100m,en_fas_a,10,row_l2,0.1250605410337448,0.7925062775611877,-0.008963299635797738,50,0,,,1.0,1.0
layerwise,hidden_state,en_100m,en_fas_a,10,neutral_z,0.8467631816864014,10.595440864562988,-0.019364549156744033,50,0,1243.6435778808593,1489.3468334960937,10409.6962890625,12688.5244140625
layerwise,hidden_state,en_100m,en_fas_a,11,row_l2,0.1294995704293251,0.7865837216377258,-0.011130148600786925,50,0,,,1.0,1.0
layerwise,hidden_state,en_100m,en_fas_a,11,neutral_z,0.8679668128490448,9.547323226928711,-0.01752500319853425,50,0,1287.3546545410156,1669.2139123535155,11242.25390625,13856.85546875
layerwise,hidden_state,en_100m,en_fas_a,12,row_l2,0.15688423737883567,0.9007205367088318,-0.02645704214926809,50,0,,,1.0,1.0
layerwise,hidden_state,en_100m,en_fas_a,12,neutral_z,0.9237096989154816,8.644498825073242,0.0043870473396964375,50,0,2.577988851070404,2.0235920763015747,21.72270393371582,14.555462837219238
layerwise,hidden_state,en_100m,en_nld_a,0,row_l2,0.09041339233517647,0.46364539861679077,-0.005085560909647029,50,0,,,1.0,1.0
layerwise,hidden_state,en_100m,en_nld_a,0,neutral_z,0.7388661253452301,5.419646263122559,0.0026934195123612882,50,0,0.20195890694856644,0.2097630274295807,1.718713641166687,1.586435317993164
layerwise,hidden_state,en_100m,en_nld_a,1,row_l2,0.14918640613555909,0.8878393173217773,-0.025005503739230335,50,0,,,1.0,1.0
layerwise,hidden_state,en_100m,en_nld_a,1,neutral_z,0.811912602186203,8.492378234863281,-0.00828051894903183,50,0,1378.7519116210938,1347.5945971679687,7847.5478515625,7576.28955078125
layerwise,hidden_state,en_100m,en_nld_a,2,row_l2,0.1447742100059986,0.8478602170944214,-0.022289284172002224,50,0,,,1.0,1.0
layerwise,hidden_state,en_100m,en_nld_a,2,neutral_z,0.8134035837650299,8.468026161193848,-0.007383003705181182,50,0,1387.1572473144531,1359.5484375,8222.0546875,7973.0556640625
layerwise,hidden_state,en_100m,en_nld_a,3,row_l2,0.13492393270134925,0.685391902923584,-0.017292142091318966,50,0,,,1.0,1.0
layerwise,hidden_state,en_100m,en_nld_a,3,neutral_z,0.8149227738380432,8.516922950744629,-0.00551455644890666,50,0,1387.141912841797,1361.656494140625,8781.916015625,9067.1181640625
layerwise,hidden_state,en_100m,en_nld_a,4,row_l2,0.12870806992053985,0.6479666829109192,-0.015976621843874453,50,0,,,1.0,1.0
layerwise,hidden_state,en_100m,en_nld_a,4,neutral_z,0.8151517629623413,8.439781188964844,-0.0028515184158459305,50,0,1379.3918188476562,1364.7147021484375,9038.6484375,9525.27734375
layerwise,hidden_state,en_100m,en_nld_a,5,row_l2,0.12383504271507263,0.6298344731330872,-0.014265278524253517,50,0,,,1.0,1.0
layerwise,hidden_state,en_100m,en_nld_a,5,neutral_z,0.8157686614990234,8.250213623046875,-0.0017331540677696467,50,0,1379.2118151855468,1369.2111315917969,9351.2578125,9557.0341796875
layerwise,hidden_state,en_100m,en_nld_a,6,row_l2,0.11925243154168129,0.6111161112785339,-0.009793804856017232,50,0,,,1.0,1.0
layerwise,hidden_state,en_100m,en_nld_a,6,neutral_z,0.815209436416626,8.092357635498047,-0.0008039420656859874,50,0,1376.3126403808594,1362.610184326172,9703.7314453125,9424.7900390625
layerwise,hidden_state,en_100m,en_nld_a,7,row_l2,0.1174663645029068,0.6032658815383911,-0.010783750908449291,50,0,,,1.0,1.0
layerwise,hidden_state,en_100m,en_nld_a,7,neutral_z,0.8157211458683014,7.8475260734558105,-0.0005798540636897088,50,0,1354.2670397949219,1349.37177734375,9713.7978515625,9589.5361328125
layerwise,hidden_state,en_100m,en_nld_a,8,row_l2,0.11328470334410667,0.5701732635498047,-0.0085472926532384,50,0,,,1.0,1.0
layerwise,hidden_state,en_100m,en_nld_a,8,neutral_z,0.8086975228786468,7.514935493469238,-0.006255136355757713,50,0,1312.1885974121094,1314.621629638672,9616.7998046875,9644.6181640625
layerwise,hidden_state,en_100m,en_nld_a,9,row_l2,0.11131607040762902,0.5687259435653687,-0.007626696764491498,50,0,,,1.0,1.0
layerwise,hidden_state,en_100m,en_nld_a,9,neutral_z,0.7936448609828949,7.479747295379639,0.00739974258467555,50,0,1253.942099609375,1267.0345947265625,9152.8681640625,9973.83203125
layerwise,hidden_state,en_100m,en_nld_a,10,row_l2,0.11005489975214004,0.5908570289611816,-0.008038099841214716,50,0,,,1.000000238418579,1.0
layerwise,hidden_state,en_100m,en_nld_a,10,neutral_z,0.7907715028524399,6.740817070007324,-0.011054136455059052,50,0,1243.6437084960937,1213.04234375,10409.6982421875,10041.36328125
layerwise,hidden_state,en_100m,en_nld_a,11,row_l2,0.11628722250461579,0.6222677230834961,-0.011766959363594651,50,0,,,1.0,1.0
layerwise,hidden_state,en_100m,en_nld_a,11,neutral_z,0.827233110666275,9.124624252319336,-0.027050635209307075,50,0,1287.354765625,1271.6092102050782,11242.25390625,11018.279296875
layerwise,hidden_state,en_100m,en_nld_a,12,row_l2,0.13544223725795745,0.8806676864624023,-0.013779106398578734,50,0,,,1.0,1.0
layerwise,hidden_state,en_100m,en_nld_a,12,neutral_z,0.8878110325336457,9.839238166809082,-0.00944116573780775,50,0,2.577988703250885,1.993892114162445,21.72270393371582,16.672483444213867
layerwise,hidden_state,en_100m,en_ukr_a,0,row_l2,0.10396902397274971,0.5678385496139526,0.004558796614874155,50,0,,,1.0,1.0
layerwise,hidden_state,en_100m,en_ukr_a,0,neutral_z,0.7842468798160553,4.632412433624268,0.016520614717155695,50,0,0.20195893406867982,0.2281969094276428,1.718713641166687,1.5120580196380615
layerwise,hidden_state,en_100m,en_ukr_a,1,row_l2,0.1565298081934452,0.7788744568824768,-0.01676003951113671,50,0,,,1.0,1.0
layerwise,hidden_state,en_100m,en_ukr_a,1,neutral_z,0.881562774181366,8.420395851135254,0.037360116997733714,50,0,1378.75205078125,1184.7197619628905,7847.54833984375,8534.568359375
layerwise,hidden_state,en_100m,en_ukr_a,2,row_l2,0.14764052301645278,0.725509762763977,-0.013187103075906634,50,0,,,1.0,1.0
layerwise,hidden_state,en_100m,en_ukr_a,2,neutral_z,0.8792572939395904,8.392159461975098,0.03966236025094986,50,0,1387.1578295898437,1175.4204809570313,8222.0556640625,9312.00390625
layerwise,hidden_state,en_100m,en_ukr_a,3,row_l2,0.13961344376206397,0.7026976943016052,-0.009021468348801137,50,0,,,1.0,1.0
layerwise,hidden_state,en_100m,en_ukr_a,3,neutral_z,0.8800890696048737,8.179533004760742,0.037339290231466295,50,0,1387.1420446777345,1176.3239782714843,8781.919921875,9716.568359375
layerwise,hidden_state,en_100m,en_ukr_a,4,row_l2,0.1344788035750389,0.6924282312393188,-0.0060711829550564285,50,0,,,1.0000001192092896,1.0
layerwise,hidden_state,en_100m,en_ukr_a,4,neutral_z,0.8792254960536957,8.320914268493652,0.04060946129262447,50,0,1379.392032470703,1170.9209582519532,9038.6484375,10007.1015625
layerwise,hidden_state,en_100m,en_ukr_a,5,row_l2,0.12905791342258455,0.6881049275398254,-0.006042600185610354,50,0,,,0.9999998807907104,1.0
layerwise,hidden_state,en_100m,en_ukr_a,5,neutral_z,0.8749539530277253,8.530834197998047,0.040666051718289964,50,0,1379.2118737792969,1157.0990673828126,9351.255859375,10327.2021484375
layerwise,hidden_state,en_100m,en_ukr_a,6,row_l2,0.12334917739033699,0.6933943033218384,-0.00486310429405421,50,0,,,1.0000001192092896,1.0
layerwise,hidden_state,en_100m,en_ukr_a,6,neutral_z,0.8715692043304444,9.378804206848145,0.044918855242431166,50,0,1376.3120874023436,1139.9800634765625,9703.7314453125,10606.6142578125
layerwise,hidden_state,en_100m,en_ukr_a,7,row_l2,0.12493816524744034,0.7006637454032898,-0.005956056211143732,50,0,,,1.0,1.0
layerwise,hidden_state,en_100m,en_ukr_a,7,neutral_z,0.8854914629459381,9.97458553314209,0.041665967516601086,50,0,1354.2673840332031,1124.7564599609375,9713.798828125,10284.4755859375
layerwise,hidden_state,en_100m,en_ukr_a,8,row_l2,0.12165712460875511,0.6920953392982483,-0.0043329458660446105,50,0,,,1.0,1.0
layerwise,hidden_state,en_100m,en_ukr_a,8,neutral_z,0.8701625347137452,12.330549240112305,0.041026086546480656,50,0,1312.1890759277344,1092.266368408203,9616.8017578125,9959.4248046875
layerwise,hidden_state,en_100m,en_ukr_a,9,row_l2,0.12222313180565834,0.7118982076644897,0.00011904095124918967,50,0,,,1.0,1.0
layerwise,hidden_state,en_100m,en_ukr_a,9,neutral_z,0.8455582177639007,12.990370750427246,0.05466237330809236,50,0,1253.9422607421875,1107.2944958496093,9152.8681640625,10207.0888671875
layerwise,hidden_state,en_100m,en_ukr_a,10,row_l2,0.12026399299502373,0.6555491089820862,0.005639043020782992,50,0,,,1.0,1.0
layerwise,hidden_state,en_100m,en_ukr_a,10,neutral_z,0.8401278853416443,12.398045539855957,0.057677154615521434,50,0,1243.6438598632812,1181.4778771972656,10409.6982421875,11323.404296875
layerwise,hidden_state,en_100m,en_ukr_a,11,row_l2,0.13540631771087647,0.7196222543716431,0.004640915468335152,50,0,,,1.0,1.0
layerwise,hidden_state,en_100m,en_ukr_a,11,neutral_z,0.8961410570144653,12.648576736450195,0.06640559008345008,50,0,1287.354998779297,1431.3417028808594,11242.25390625,12136.1435546875
layerwise,hidden_state,en_100m,en_ukr_a,12,row_l2,0.1620662122964859,0.8197225332260132,-0.003445435119792819,50,0,,,0.9999998807907104,1.0
layerwise,hidden_state,en_100m,en_ukr_a,12,neutral_z,0.9086079293489456,7.468587875366211,0.05250099118798971,50,0,2.5779889154434206,2.1502414464950563,21.722705841064453,16.7139835357666
layerwise,hidden_state,en_100m,en_bul_a,0,row_l2,0.09125375062227249,0.49982455372810364,-0.005560418543173001,50,0,,,1.0,1.0
layerwise,hidden_state,en_100m,en_bul_a,0,neutral_z,0.729078871011734,5.651350498199463,0.008578083850443364,50,0,0.20195889711380005,0.20036212533712386,1.718713641166687,1.5063374042510986
layerwise,hidden_state,en_100m,en_bul_a,1,row_l2,0.14433926329016686,0.735708475112915,-0.02695648221299052,50,0,,,1.0,1.0
layerwise,hidden_state,en_100m,en_bul_a,1,neutral_z,0.8133777832984924,7.685586452484131,0.026840690579265355,50,0,1378.7518151855468,1429.5057165527344,7847.5478515625,7790.630859375
layerwise,hidden_state,en_100m,en_bul_a,2,row_l2,0.13846262738108636,0.7167567014694214,-0.022627945938147605,50,0,,,1.0,1.0
layerwise,hidden_state,en_100m,en_bul_a,2,neutral_z,0.8114733815193176,7.419016361236572,0.029386347215622662,50,0,1387.15794921875,1437.4511486816407,8222.0546875,8121.658203125
layerwise,hidden_state,en_100m,en_bul_a,3,row_l2,0.13111353307962417,0.6820104122161865,-0.015507638957351445,50,0,,,1.0000001192092896,1.0
layerwise,hidden_state,en_100m,en_bul_a,3,neutral_z,0.8125648427009583,7.139760494232178,0.02608776781708002,50,0,1387.1421813964844,1442.312626953125,8781.9189453125,8652.3896484375
layerwise,hidden_state,en_100m,en_bul_a,4,row_l2,0.12619706377387047,0.647742509841919,-0.010362589545547963,50,0,,,1.0,1.0
layerwise,hidden_state,en_100m,en_bul_a,4,neutral_z,0.8143120455741882,6.867258071899414,0.02618965471163392,50,0,1379.3920141601564,1448.5170678710938,9038.6494140625,9208.8583984375
layerwise,hidden_state,en_100m,en_bul_a,5,row_l2,0.12174708873033524,0.6204993724822998,-0.006532297991216182,50,0,,,1.0,1.0
layerwise,hidden_state,en_100m,en_bul_a,5,neutral_z,0.8176056432723999,6.876744747161865,0.02722703233361244,50,0,1379.2119201660157,1455.603358154297,9351.2578125,9801.1357421875
layerwise,hidden_state,en_100m,en_bul_a,6,row_l2,0.11781762734055519,0.603412389755249,-0.0058640868868678805,50,0,,,1.0,1.0
layerwise,hidden_state,en_100m,en_bul_a,6,neutral_z,0.8191244351863861,6.9695210456848145,0.030304779931902885,50,0,1376.31259765625,1443.8297985839845,9703.732421875,9952.4140625
layerwise,hidden_state,en_100m,en_bul_a,7,row_l2,0.11819616839289665,0.6442678570747375,-0.008822206947952509,50,0,,,1.0,1.0
layerwise,hidden_state,en_100m,en_bul_a,7,neutral_z,0.8205845725536346,6.74161434173584,0.025380976655287667,50,0,1354.267081298828,1424.2170556640624,9713.798828125,9630.66796875
layerwise,hidden_state,en_100m,en_bul_a,8,row_l2,0.11653515562415123,0.6505131125450134,-0.0086452478566207,50,0,,,1.0,1.0
layerwise,hidden_state,en_100m,en_bul_a,8,neutral_z,0.8193900573253632,6.480113506317139,0.014121013227850199,50,0,1312.189012451172,1381.9474450683595,9616.802734375,9725.55859375
layerwise,hidden_state,en_100m,en_bul_a,9,row_l2,0.12119213297963143,0.6981635093688965,-0.009904992626979947,50,0,,,1.0,1.0
layerwise,hidden_state,en_100m,en_bul_a,9,neutral_z,0.8111242055892944,6.550303936004639,0.015564838051795959,50,0,1253.9422082519532,1273.4655981445312,9152.869140625,9584.7001953125
layerwise,hidden_state,en_100m,en_bul_a,10,row_l2,0.12124174952507019,0.7611178159713745,-0.004715078570879996,50,0,,,1.0,1.0
layerwise,hidden_state,en_100m,en_bul_a,10,neutral_z,0.8110233867168426,7.053959369659424,0.03186349037103355,50,0,1243.643751220703,1184.02001953125,10409.6962890625,9175.697265625
layerwise,hidden_state,en_100m,en_bul_a,11,row_l2,0.13141224503517152,0.7678594589233398,-0.002876203190535307,50,0,,,1.0,1.0
layerwise,hidden_state,en_100m,en_bul_a,11,neutral_z,0.8396568012237549,7.329403400421143,0.010413265153765679,50,0,1287.3545727539063,1304.438319091797,11242.25390625,10326.1162109375
layerwise,hidden_state,en_100m,en_bul_a,12,row_l2,0.14900380745530128,0.9172675609588623,-0.014620665201146039,50,0,,,1.0,1.0
layerwise,hidden_state,en_100m,en_bul_a,12,neutral_z,0.8296912723779678,7.9915666580200195,-0.004900501091033221,50,0,2.5779889893531798,2.3318110799789427,21.722707748413086,16.1527042388916
layerwise,hidden_state,en_100m,en_ind_a,0,row_l2,0.08909542798995972,0.49997013807296753,0.00010969731083605438,50,0,,,1.0,1.0
layerwise,hidden_state,en_100m,en_ind_a,0,neutral_z,0.7548397076129914,5.544465065002441,-0.03300977614126168,50,0,0.20195892810821534,0.19515033274888993,1.718713641166687,1.5765572786331177
layerwise,hidden_state,en_100m,en_ind_a,1,row_l2,0.15530490666627883,0.8245028853416443,-0.010894306842237711,50,0,,,1.0,1.0
layerwise,hidden_state,en_100m,en_ind_a,1,neutral_z,0.8168248796463012,6.696721076965332,-0.07726385291665792,50,0,1378.7517114257812,1200.6448999023437,7847.5478515625,6274.1611328125
layerwise,hidden_state,en_100m,en_ind_a,2,row_l2,0.14781909689307213,0.8149046301841736,-0.010683995112776757,50,0,,,1.0,1.0
layerwise,hidden_state,en_100m,en_ind_a,2,neutral_z,0.8175477159023284,6.7866058349609375,-0.07607522253878414,50,0,1387.1578979492188,1220.409093017578,8222.0556640625,6738.58642578125
layerwise,hidden_state,en_100m,en_ind_a,3,row_l2,0.13736550614237786,0.766514241695404,-0.00628058869857341,50,0,,,0.9999998807907104,1.0
layerwise,hidden_state,en_100m,en_ind_a,3,neutral_z,0.8210836720466613,6.762266159057617,-0.08161018345504999,50,0,1387.1423046875,1219.8325793457032,8781.91796875,7323.80712890625
layerwise,hidden_state,en_100m,en_ind_a,4,row_l2,0.13220699951052667,0.7356671094894409,-0.006271164915524423,50,0,,,1.0,1.0
layerwise,hidden_state,en_100m,en_ind_a,4,neutral_z,0.8196421146392823,6.744680404663086,-0.08077241322258487,50,0,1379.3921362304689,1222.4658178710938,9038.650390625,7634.33642578125
layerwise,hidden_state,en_100m,en_ind_a,5,row_l2,0.12915692269802093,0.7110623121261597,-0.007573316693305969,50,0,,,1.0,1.0
layerwise,hidden_state,en_100m,en_ind_a,5,neutral_z,0.8197153735160828,6.769735336303711,-0.07851105576381087,50,0,1379.211895751953,1217.3734191894532,9351.2578125,7719.5927734375
layerwise,hidden_state,en_100m,en_ind_a,6,row_l2,0.12444674536585808,0.6992601156234741,-0.004692605219315737,50,0,,,0.9999998807907104,1.0
layerwise,hidden_state,en_100m,en_ind_a,6,neutral_z,0.8206982135772705,6.868552207946777,-0.07838477032259107,50,0,1376.3126171875,1208.0583642578124,9703.7333984375,7901.15673828125
layerwise,hidden_state,en_100m,en_ind_a,7,row_l2,0.12350876659154891,0.6782614588737488,-0.007837209925055504,50,0,,,1.0,1.0
layerwise,hidden_state,en_100m,en_ind_a,7,neutral_z,0.8192479395866394,7.10372257232666,-0.08413077971432358,50,0,1354.2668286132812,1176.490654296875,9713.796875,7870.31103515625
layerwise,hidden_state,en_100m,en_ind_a,8,row_l2,0.12035796642303467,0.6910959482192993,-0.007370634991675615,50,0,,,0.9999998807907104,1.0
layerwise,hidden_state,en_100m,en_ind_a,8,neutral_z,0.8115332281589508,6.836639404296875,-0.08580767695792019,50,0,1312.1888952636718,1133.3983435058594,9616.7998046875,7792.12109375
layerwise,hidden_state,en_100m,en_ind_a,9,row_l2,0.11790098235011101,0.728919506072998,-0.011126846158877015,50,0,,,1.0,1.0
layerwise,hidden_state,en_100m,en_ind_a,9,neutral_z,0.7937843191623688,6.365047931671143,-0.0743625811720267,50,0,1253.9425524902344,1099.318526611328,9152.869140625,8146.08251953125
layerwise,hidden_state,en_100m,en_ind_a,10,row_l2,0.11315371796488762,0.6961889266967773,-0.004911279175430537,50,0,,,1.0,1.0
layerwise,hidden_state,en_100m,en_ind_a,10,neutral_z,0.792028386592865,6.574292182922363,-0.07646940983831882,50,0,1243.6437475585938,1141.70857421875,10409.7001953125,8878.234375
layerwise,hidden_state,en_100m,en_ind_a,11,row_l2,0.11775231212377549,0.7292063236236572,-0.010221634418703615,50,0,,,1.0000001192092896,1.0
layerwise,hidden_state,en_100m,en_ind_a,11,neutral_z,0.8362558317184449,7.161494255065918,-0.09553120020776987,50,0,1287.3546105957032,1185.7283605957032,11242.25390625,9696.54296875
layerwise,hidden_state,en_100m,en_ind_a,12,row_l2,0.14136313758790492,0.8476017713546753,-0.016573338024318218,50,0,,,1.0,1.0
layerwise,hidden_state,en_100m,en_ind_a,12,neutral_z,0.9013875985145569,7.041553497314453,-0.07247677830979228,50,0,2.577989182472229,2.2964855575561525,21.722707748413086,16.906984329223633
layerwise,hidden_state,en_100m,en_deu_a,0,row_l2,0.09004058957099914,0.44094744324684143,-0.005616650459123775,50,0,,,1.0,1.0
layerwise,hidden_state,en_100m,en_deu_a,0,neutral_z,0.7541887164115906,5.419689178466797,0.0072513390891253944,50,0,0.2019588828086853,0.19982944548130036,1.718713641166687,1.5568584203720093
layerwise,hidden_state,en_100m,en_deu_a,1,row_l2,0.1501474067568779,0.7681139707565308,-0.025051873419433834,50,0,,,1.0,1.0
layerwise,hidden_state,en_100m,en_deu_a,1,neutral_z,0.8576971888542175,8.95806884765625,0.012987410658388399,50,0,1378.7516101074218,1455.3603735351562,7847.546875,7851.1708984375
layerwise,hidden_state,en_100m,en_deu_a,2,row_l2,0.14564228519797326,0.7469735145568848,-0.020559669099748136,50,0,,,1.0,1.0
layerwise,hidden_state,en_100m,en_deu_a,2,neutral_z,0.8576388573646545,9.09965705871582,0.012940846029669046,50,0,1387.1576184082032,1475.0437927246094,8222.0546875,8163.0078125
layerwise,hidden_state,en_100m,en_deu_a,3,row_l2,0.1371902546286583,0.7164815664291382,-0.013147346582263708,50,0,,,1.0,1.0
layerwise,hidden_state,en_100m,en_deu_a,3,neutral_z,0.8582015407085418,9.250574111938477,0.010261393282562495,50,0,1387.1423852539062,1484.3320666503905,8781.91796875,8745.4130859375
layerwise,hidden_state,en_100m,en_deu_a,4,row_l2,0.1327437049150467,0.7002387046813965,-0.010744359316304327,50,0,,,1.0,1.0
layerwise,hidden_state,en_100m,en_deu_a,4,neutral_z,0.8578154933452606,9.412460327148438,0.010839244397357107,50,0,1379.3919445800782,1487.6145422363281,9038.6484375,9025.26171875
layerwise,hidden_state,en_100m,en_deu_a,5,row_l2,0.12827890157699584,0.6692293882369995,-0.006944347557146102,50,0,,,1.0,1.0
layerwise,hidden_state,en_100m,en_deu_a,5,neutral_z,0.8584838557243347,9.540104866027832,0.011179067101329565,50,0,1379.2116455078126,1491.4432177734375,9351.2578125,9347.65625
layerwise,hidden_state,en_100m,en_deu_a,6,row_l2,0.12282152608036995,0.6565942764282227,-0.00164942835457623,50,0,,,1.0,1.0
layerwise,hidden_state,en_100m,en_deu_a,6,neutral_z,0.8610984802246093,9.690775871276855,0.015092225298285484,50,0,1376.31240234375,1488.8707580566406,9703.7314453125,9715.185546875
layerwise,hidden_state,en_100m,en_deu_a,7,row_l2,0.12020051166415215,0.6538047194480896,-0.002285042027797317,50,0,,,1.0,1.0
layerwise,hidden_state,en_100m,en_deu_a,7,neutral_z,0.8611087799072266,9.887225151062012,0.013821611739695072,50,0,1354.2671752929687,1488.1030505371093,9713.7998046875,9970.662109375
layerwise,hidden_state,en_100m,en_deu_a,8,row_l2,0.11701232001185417,0.6966489553451538,0.0004772379412315786,50,0,,,1.0,1.0
layerwise,hidden_state,en_100m,en_deu_a,8,neutral_z,0.8585127913951873,9.301681518554688,0.005297929067164659,50,0,1312.1889343261719,1468.7808581542968,9616.8017578125,10335.7119140625
layerwise,hidden_state,en_100m,en_deu_a,9,row_l2,0.11683267414569855,0.7223314046859741,0.001347259955946356,50,0,,,1.0,1.0
layerwise,hidden_state,en_100m,en_deu_a,9,neutral_z,0.8521342754364014,9.435843467712402,0.01718843258684501,50,0,1253.942091064453,1453.7673083496093,9152.8701171875,10736.072265625
layerwise,hidden_state,en_100m,en_deu_a,10,row_l2,0.11657560154795647,0.704766035079956,0.010535458622034638,50,0,,,1.0,1.0
layerwise,hidden_state,en_100m,en_deu_a,10,neutral_z,0.8433850932121277,9.420007705688477,-0.004582225442864001,50,0,1243.6439965820311,1359.6978161621093,10409.7001953125,10559.50390625
layerwise,hidden_state,en_100m,en_deu_a,11,row_l2,0.1262074075639248,0.7289954423904419,0.013728418636601418,50,0,,,1.0,1.0
layerwise,hidden_state,en_100m,en_deu_a,11,neutral_z,0.875964823961258,9.003345489501953,-0.016686352044343947,50,0,1287.354698486328,1381.0039916992187,11242.251953125,11205.2080078125
layerwise,hidden_state,en_100m,en_deu_a,12,row_l2,0.1493215923011303,0.9502425193786621,0.0007324600638821721,50,0,,,1.0,1.0
layerwise,hidden_state,en_100m,en_deu_a,12,neutral_z,0.9174804079532624,8.607504844665527,-0.019151875251554883,50,0,2.5779885268211364,2.1314137601852416,21.722707748413086,16.613956451416016
