scope,repr_type,model_a,model_b,normalization,axis_abs_projection_diff_mean,axis_abs_projection_diff_max,axis_signed_projection_diff_mean,axes_used,axes_skipped,neutral_projection_sd_a_mean,neutral_projection_sd_b_mean,cultural_norm_a_mean,cultural_norm_b_mean
final,embedding_matrix,en_50m,en_zh_a,row_l2,0.10153582349419593,0.5713756680488586,-0.009849324238457484,50,0,,,1.0,1.0
final,embedding_matrix,en_50m,en_zh_a,neutral_z,0.7637094354629517,6.385344505310059,-0.015130154793150724,50,0,0.16295626387000084,0.22229936659336091,1.3389452695846558,1.4772119522094727
final,embedding_matrix,en_50m,en_fr_a,row_l2,0.08271861523389816,0.42118433117866516,0.0008843274338869378,50,0,,,1.0,1.0
final,embedding_matrix,en_50m,en_fr_a,neutral_z,0.7273247873783112,5.922356605529785,0.024709045998752118,50,0,0.16295624479651452,0.184330098927021,1.3389452695846558,1.6349390745162964
final,embedding_matrix,en_50m,en_fas_a,row_l2,0.09778015077114105,0.6218525171279907,-0.009757565118998173,50,0,,,1.0,1.0
final,embedding_matrix,en_50m,en_fas_a,neutral_z,0.7585511898994446,5.916566848754883,-0.03386366601102054,50,0,0.16295626521110534,0.2182730284333229,1.3389452695846558,1.4759756326675415
final,embedding_matrix,en_50m,en_nld_a,row_l2,0.0858827681839466,0.45532166957855225,-0.0010559271153761074,50,0,,,1.0,1.0
final,embedding_matrix,en_50m,en_nld_a,neutral_z,0.7018020474910736,4.9910430908203125,0.011895170924253762,50,0,0.16295623928308486,0.2097630274295807,1.3389452695846558,1.586435317993164
final,embedding_matrix,en_50m,en_ukr_a,row_l2,0.09973445847630501,0.6137867569923401,0.008588423271139617,50,0,,,1.0,1.0
final,embedding_matrix,en_50m,en_ukr_a,neutral_z,0.7436214166879654,5.335599899291992,0.025722330676435378,50,0,0.1629562683403492,0.22819690972566606,1.3389452695846558,1.5120580196380615
final,embedding_matrix,en_50m,en_bul_a,row_l2,0.0849629831314087,0.460792601108551,-0.0015307889424002496,50,0,,,1.0,1.0
final,embedding_matrix,en_50m,en_bul_a,neutral_z,0.6817667657136917,5.797992706298828,0.017779799345880747,50,0,0.1629563058912754,0.20036212533712386,1.3389455080032349,1.5063374042510986
final,embedding_matrix,en_50m,en_ind_a,row_l2,0.08551435753703117,0.4949316680431366,0.004139324829448014,50,0,,,1.0,1.0
final,embedding_matrix,en_50m,en_ind_a,neutral_z,0.7129636639356614,5.091583251953125,-0.02380804740358144,50,0,0.16295618534088135,0.19515033274888993,1.3389452695846558,1.5765572786331177
final,embedding_matrix,en_50m,en_deu_a,row_l2,0.08771789118647576,0.4744083881378174,-0.001587016866542399,50,0,,,1.0,1.0
final,embedding_matrix,en_50m,en_deu_a,neutral_z,0.7322409296035767,5.225973129272461,0.01645308292005211,50,0,0.16295627862215042,0.19982944518327714,1.3389453887939453,1.5568584203720093
final,embedding_matrix,en_100m,en_zh_a,row_l2,0.10472087413072587,0.5112945437431335,-0.013878959999419748,50,0,,,1.0,1.0
final,embedding_matrix,en_100m,en_zh_a,neutral_z,0.7973852574825286,5.641606330871582,-0.024331863429397346,50,0,0.201958966255188,0.22229936659336091,1.7187138795852661,1.4772119522094727
final,embedding_matrix,en_100m,en_fr_a,row_l2,0.08464033797383308,0.4241412580013275,-0.003145300536416471,50,0,,,1.0,1.0
final,embedding_matrix,en_100m,en_fr_a,neutral_z,0.7510690128803253,5.79571533203125,0.01550729174632579,50,0,0.20195886820554734,0.184330098927021,1.7187135219573975,1.6349390745162964
final,embedding_matrix,en_100m,en_fas_a,row_l2,0.10449161127209664,0.5430811643600464,-0.01378720037464518,50,0,,,1.0,1.0
final,embedding_matrix,en_100m,en_fas_a,neutral_z,0.7859222412109375,4.942264556884766,-0.043065413888543846,50,0,0.2019589239358902,0.2182730284333229,1.7187137603759766,1.4759756326675415
final,embedding_matrix,en_100m,en_nld_a,row_l2,0.09041338980197906,0.46364519000053406,-0.005085561709929607,50,0,,,1.0,1.0
final,embedding_matrix,en_100m,en_nld_a,neutral_z,0.7388661193847657,5.419647216796875,0.0026934698410332205,50,0,0.20195890545845033,0.2097630274295807,1.718713641166687,1.586435317993164
final,embedding_matrix,en_100m,en_ukr_a,row_l2,0.10396902740001679,0.5678386092185974,0.004558797846548259,50,0,,,1.0,1.0
final,embedding_matrix,en_100m,en_ukr_a,neutral_z,0.7842468786239624,4.632412433624268,0.01652057306841016,50,0,0.20195895195007324,0.22819690972566606,1.718713641166687,1.5120580196380615
final,embedding_matrix,en_100m,en_bul_a,row_l2,0.09125373646616936,0.4998241662979126,-0.005560417945962399,50,0,,,1.0,1.0
final,embedding_matrix,en_100m,en_bul_a,neutral_z,0.7290788900852203,5.651350975036621,0.008578073575627058,50,0,0.20195887714624405,0.20036212533712386,1.718713641166687,1.5063374042510986
final,embedding_matrix,en_100m,en_ind_a,row_l2,0.0890954314172268,0.4999701678752899,0.0001096935267560184,50,0,,,1.0,1.0
final,embedding_matrix,en_100m,en_ind_a,neutral_z,0.7548397207260131,5.544466972351074,-0.03300976441358216,50,0,0.20195889919996263,0.19515033274888993,1.718713641166687,1.5765572786331177
final,embedding_matrix,en_100m,en_deu_a,row_l2,0.09004058718681335,0.44094735383987427,-0.005616654295881745,50,0,,,1.0,1.0
final,embedding_matrix,en_100m,en_deu_a,neutral_z,0.7541887152194977,5.41969108581543,0.0072513318061828615,50,0,0.20195891231298446,0.19982944518327714,1.718713641166687,1.5568584203720093
final,pre_lmhead_contextual,en_50m,en_zh_a,row_l2,0.14728306993842125,0.7976254224777222,0.004416038189083338,50,0,,,1.0,1.0
final,pre_lmhead_contextual,en_50m,en_zh_a,neutral_z,0.8645703601837158,8.054458618164062,-0.11413402054924518,50,0,2.137967460155487,1.835584135055542,17.335800170898438,13.69180679321289
final,pre_lmhead_contextual,en_50m,en_fr_a,row_l2,0.13094851583242417,0.6775388717651367,-0.003912913873791695,50,0,,,1.0,1.0
final,pre_lmhead_contextual,en_50m,en_fr_a,neutral_z,0.8380631351470947,6.950325012207031,0.02216671120375395,50,0,2.137967014312744,1.993050413131714,17.335803985595703,16.79068374633789
final,pre_lmhead_contextual,en_50m,en_fas_a,row_l2,0.14976960122585298,0.8263481259346008,-0.0038791192602366208,50,0,,,1.0,1.0
final,pre_lmhead_contextual,en_50m,en_fas_a,neutral_z,0.8835782927274703,7.663299560546875,0.00041980884969234467,50,0,2.137966890335083,2.0237588763236998,17.335800170898438,14.548941612243652
final,pre_lmhead_contextual,en_50m,en_nld_a,row_l2,0.13277877748012543,0.6911358833312988,0.008907481769565493,50,0,,,1.0,1.0
final,pre_lmhead_contextual,en_50m,en_nld_a,neutral_z,0.8249887692928314,8.026501655578613,-0.012237482061609626,50,0,2.1379671788215635,1.9934440875053405,17.335798263549805,16.66997528076172
final,pre_lmhead_contextual,en_50m,en_ukr_a,row_l2,0.15078610830008984,0.795476496219635,0.019009942756965756,50,0,,,0.9999998807907104,1.0
final,pre_lmhead_contextual,en_50m,en_ukr_a,neutral_z,0.7861547613143921,7.584001541137695,0.048226990583352745,50,0,2.1379673671722412,2.151496810913086,17.335800170898438,16.712753295898438
final,pre_lmhead_contextual,en_50m,en_bul_a,row_l2,0.1401180724799633,0.6859335899353027,0.008167024827562272,50,0,,,1.0,1.0
final,pre_lmhead_contextual,en_50m,en_bul_a,neutral_z,0.7500624471902847,6.758199691772461,-0.008266961704939603,50,0,2.1379667997360228,2.332572317123413,17.335796356201172,16.1546688079834
final,pre_lmhead_contextual,en_50m,en_ind_a,row_l2,0.129259884506464,0.7978116273880005,0.0063087451737374066,50,0,,,1.0,1.0
final,pre_lmhead_contextual,en_50m,en_ind_a,neutral_z,0.8038084214925766,8.136829376220703,-0.0761863283533603,50,0,2.1379677557945254,2.2962904882431032,17.335800170898438,16.902891159057617
final,pre_lmhead_contextual,en_50m,en_deu_a,row_l2,0.1406640462577343,0.860313892364502,0.023477010671049358,50,0,,,1.0,1.0
final,pre_lmhead_contextual,en_50m,en_deu_a,neutral_z,0.8445079278945923,7.906253814697266,-0.022254164824262263,50,0,2.1379665994644164,2.1332090735435485,17.335800170898438,16.616090774536133
final,pre_lmhead_contextual,en_100m,en_zh_a,row_l2,0.14361369267106056,0.8228516578674316,-0.018460083248792215,50,0,,,0.9999998807907104,1.0
final,pre_lmhead_contextual,en_100m,en_zh_a,neutral_z,0.9181410360336304,7.20400333404541,-0.1107976337056607,50,0,2.577758572101593,1.835584135055542,21.724048614501953,13.69180679321289
final,pre_lmhead_contextual,en_100m,en_fr_a,row_l2,0.13512517504394053,1.0272364616394043,-0.02678901958744973,50,0,,,1.0,1.0
final,pre_lmhead_contextual,en_100m,en_fr_a,neutral_z,0.9404258155822753,7.699868202209473,0.025503128946293144,50,0,2.5777578377723693,1.993050413131714,21.72404670715332,16.79068374633789
final,pre_lmhead_contextual,en_100m,en_fas_a,row_l2,0.15684069141745569,0.9002300500869751,-0.02675525585655123,50,0,,,1.0,1.0
final,pre_lmhead_contextual,en_100m,en_fas_a,neutral_z,0.9239430207014084,8.586380004882812,0.003756140093319118,50,0,2.577757775783539,2.0237588763236998,21.72404670715332,14.548941612243652
final,pre_lmhead_contextual,en_100m,en_nld_a,row_l2,0.1354303892701864,0.8808116316795349,-0.013968539678025992,50,0,,,1.0,1.0
final,pre_lmhead_contextual,en_100m,en_nld_a,neutral_z,0.8880923891067505,9.850040435791016,-0.00890103737823665,50,0,2.5777584886550904,1.9934440875053405,21.724042892456055,16.66997528076172
final,pre_lmhead_contextual,en_100m,en_ukr_a,row_l2,0.16208876334130765,0.8178077936172485,-0.00386613589245826,50,0,,,1.0,1.0
final,pre_lmhead_contextual,en_100m,en_ukr_a,neutral_z,0.90755992770195,7.43408203125,0.051563357934355736,50,0,2.5777572655677794,2.151496810913086,21.724040985107422,16.712753295898438
final,pre_lmhead_contextual,en_100m,en_bul_a,row_l2,0.14928516633808614,0.9181624054908752,-0.014709085925132967,50,0,,,1.0,1.0
final,pre_lmhead_contextual,en_100m,en_bul_a,neutral_z,0.8302982842922211,8.028675079345703,-0.004930514334701002,50,0,2.577757766246796,2.332572317123413,21.724040985107422,16.1546688079834
final,pre_lmhead_contextual,en_100m,en_ind_a,row_l2,0.14154901310801507,0.8483902215957642,-0.016567396972095593,50,0,,,1.0000001192092896,1.0
final,pre_lmhead_contextual,en_100m,en_ind_a,neutral_z,0.901923600435257,7.035246849060059,-0.07284996520727872,50,0,2.577758469581604,2.2962904882431032,21.724050521850586,16.902891159057617
final,pre_lmhead_contextual,en_100m,en_deu_a,row_l2,0.149337178170681,0.9506683945655823,0.0006008790852501988,50,0,,,1.0,1.0
final,pre_lmhead_contextual,en_100m,en_deu_a,neutral_z,0.91776442527771,8.594664573669434,-0.018917879745422396,50,0,2.5777586030960085,2.1332090735435485,21.724044799804688,16.616090774536133
