baseline,language,model_b,repr_type,subset_size,draw,jaccard_at_k_mean,frobenius_cultural_similarity,axis_abs_projection_diff_mean,anchor_residual_per_anchor
en_100m,BUL,en_bul_a,embedding_matrix,500,0,0.6259277138578704,0.11540979766845703,0.14731739789247514,0.07790523529052734
en_100m,BUL,en_bul_a,embedding_matrix,500,1,0.6259277138578704,0.1154097900390625,0.14731740191578865,0.07936215209960938
en_100m,BUL,en_bul_a,embedding_matrix,500,2,0.6259277138578704,0.1154097900390625,0.14731739073991776,0.07774407958984375
en_100m,BUL,en_bul_a,embedding_matrix,500,3,0.6259277138578704,0.11540979766845703,0.14731740683317185,0.07866606140136718
en_100m,BUL,en_bul_a,embedding_matrix,500,4,0.6259277138578704,0.1154097900390625,0.14731741428375245,0.07843104553222656
en_100m,BUL,en_bul_a,embedding_matrix,1000,0,0.6259277138578704,0.1154097900390625,0.1473173987865448,0.06422737884521484
en_100m,BUL,en_bul_a,embedding_matrix,1000,1,0.6259277138578704,0.11540979766845703,0.14731740489602088,0.06440172576904298
en_100m,BUL,en_bul_a,embedding_matrix,1000,2,0.6259277138578704,0.1154097900390625,0.1473174075782299,0.06408065032958984
en_100m,BUL,en_bul_a,embedding_matrix,1000,3,0.6259277138578704,0.11540979766845703,0.14731741994619368,0.0639394187927246
en_100m,BUL,en_bul_a,embedding_matrix,1000,4,0.6259277138578704,0.1154097900390625,0.14731739059090615,0.06445307159423828
en_100m,BUL,en_bul_a,embedding_matrix,2000,0,0.6259277138578704,0.11540979766845703,0.14731741189956665,0.0503550910949707
en_100m,BUL,en_bul_a,embedding_matrix,2000,1,0.6259277138578704,0.11540979766845703,0.147317406386137,0.050439338684082034
en_100m,BUL,en_bul_a,embedding_matrix,2000,2,0.6259277138578704,0.1154097900390625,0.14731739804148675,0.05046723556518555
en_100m,BUL,en_bul_a,embedding_matrix,2000,3,0.6259277138578704,0.11540979766845703,0.14731740742921828,0.050440181732177736
en_100m,BUL,en_bul_a,embedding_matrix,2000,4,0.6259277138578704,0.1154097900390625,0.14731741845607757,0.05047765350341797
en_100m,BUL,en_bul_a,embedding_matrix,3000,0,0.6259277138578704,0.1154097900390625,0.14731740862131118,0.04285727945963542
en_100m,BUL,en_bul_a,embedding_matrix,3000,1,0.6259277138578704,0.1154097900390625,0.14731740862131118,0.04285727945963542
en_100m,BUL,en_bul_a,embedding_matrix,3000,2,0.6259277138578704,0.1154097900390625,0.14731740862131118,0.04285727945963542
en_100m,BUL,en_bul_a,embedding_matrix,3000,3,0.6259277138578704,0.1154097900390625,0.14731740862131118,0.04285727945963542
en_100m,BUL,en_bul_a,embedding_matrix,3000,4,0.6259277138578704,0.1154097900390625,0.14731740862131118,0.04285727945963542
en_100m,DEU,en_deu_a,embedding_matrix,500,0,0.6416284936533048,0.11626559448242188,0.14973313346505165,0.08052113342285157
en_100m,DEU,en_deu_a,embedding_matrix,500,1,0.6416284936533048,0.11626558685302735,0.14973312824964524,0.07956674194335937
en_100m,DEU,en_deu_a,embedding_matrix,500,2,0.6416284936533048,0.11626557922363281,0.149733117967844,0.08024382781982421
en_100m,DEU,en_deu_a,embedding_matrix,500,3,0.6416284936533048,0.11626558685302735,0.14973312571644784,0.07994345855712891
en_100m,DEU,en_deu_a,embedding_matrix,500,4,0.6416284936533048,0.11626559448242188,0.14973312437534333,0.07963204193115235
en_100m,DEU,en_deu_a,embedding_matrix,1000,0,0.6416284936533048,0.11626558685302735,0.14973312094807625,0.06540232849121094
en_100m,DEU,en_deu_a,embedding_matrix,1000,1,0.6416284936533048,0.11626557922363281,0.14973312124609947,0.06565332794189453
en_100m,DEU,en_deu_a,embedding_matrix,1000,2,0.6416284936533048,0.11626557922363281,0.14973312944173814,0.0653473663330078
en_100m,DEU,en_deu_a,embedding_matrix,1000,3,0.6416284936533048,0.11626557922363281,0.14973312467336655,0.06543009948730469
en_100m,DEU,en_deu_a,embedding_matrix,1000,4,0.6416284936533048,0.11626558685302735,0.1497331240773201,0.06608717346191406
en_100m,DEU,en_deu_a,embedding_matrix,2000,0,0.6416284936533048,0.11626559448242188,0.14973313719034195,0.05135319900512696
en_100m,DEU,en_deu_a,embedding_matrix,2000,1,0.6416284936533048,0.11626558685302735,0.14973312586545945,0.051319976806640626
en_100m,DEU,en_deu_a,embedding_matrix,2000,2,0.6416284936533048,0.11626558685302735,0.14973312899470329,0.05145192337036133
en_100m,DEU,en_deu_a,embedding_matrix,2000,3,0.6416284936533048,0.11626558685302735,0.14973313376307487,0.05128133010864258
en_100m,DEU,en_deu_a,embedding_matrix,2000,4,0.6416284936533048,0.11626557922363281,0.14973311766982078,0.051502342224121096
en_100m,DEU,en_deu_a,embedding_matrix,3000,0,0.6416284936533048,0.11626558685302735,0.1497331178188324,0.043681660970052084
en_100m,DEU,en_deu_a,embedding_matrix,3000,1,0.6416284936533048,0.11626558685302735,0.1497331178188324,0.043681660970052084
en_100m,DEU,en_deu_a,embedding_matrix,3000,2,0.6416284936533048,0.11626558685302735,0.1497331178188324,0.043681660970052084
en_100m,DEU,en_deu_a,embedding_matrix,3000,3,0.6416284936533048,0.11626558685302735,0.1497331178188324,0.043681660970052084
en_100m,DEU,en_deu_a,embedding_matrix,3000,4,0.6416284936533048,0.11626558685302735,0.1497331178188324,0.043681660970052084
en_100m,FAS,en_fas_a,embedding_matrix,500,0,0.6704046578510177,0.14057846069335939,0.16776698738336562,0.08458759307861329
en_100m,FAS,en_fas_a,embedding_matrix,500,1,0.6704046578510177,0.14057846069335939,0.16776699036359788,0.08547396087646485
en_100m,FAS,en_fas_a,embedding_matrix,500,2,0.6704046578510177,0.14057846069335939,0.16776697784662248,0.08511099243164062
en_100m,FAS,en_fas_a,embedding_matrix,500,3,0.6704046578510177,0.14057846069335939,0.16776698619127273,0.08534311676025391
en_100m,FAS,en_fas_a,embedding_matrix,500,4,0.6704046578510177,0.14057846069335939,0.1677669808268547,0.08455778503417968
en_100m,FAS,en_fas_a,embedding_matrix,1000,0,0.6704046578510177,0.14057846069335939,0.16776698172092439,0.06895770263671876
en_100m,FAS,en_fas_a,embedding_matrix,1000,1,0.6704046578510177,0.14057846069335939,0.1677669858932495,0.06845148468017578
en_100m,FAS,en_fas_a,embedding_matrix,1000,2,0.6704046578510177,0.14057846069335939,0.1677669784426689,0.0689609146118164
en_100m,FAS,en_fas_a,embedding_matrix,1000,3,0.6704046578510177,0.14057846069335939,0.16776697903871537,0.06891814422607422
en_100m,FAS,en_fas_a,embedding_matrix,1000,4,0.6704046578510177,0.14057846069335939,0.16776699125766753,0.06872391510009766
en_100m,FAS,en_fas_a,embedding_matrix,2000,0,0.6704046578510177,0.14057846069335939,0.1677669695019722,0.053543766021728514
en_100m,FAS,en_fas_a,embedding_matrix,2000,1,0.6704046578510177,0.14057846069335939,0.1677669757604599,0.053438499450683595
en_100m,FAS,en_fas_a,embedding_matrix,2000,2,0.6704046578510177,0.14057846069335939,0.16776697516441344,0.05351291656494141
en_100m,FAS,en_fas_a,embedding_matrix,2000,3,0.6704046578510177,0.14057846069335939,0.16776698261499404,0.05335786437988281
en_100m,FAS,en_fas_a,embedding_matrix,2000,4,0.6704046578510177,0.14057846069335939,0.167766994535923,0.05361700439453125
en_100m,FAS,en_fas_a,embedding_matrix,3000,0,0.6704046578510177,0.14057846069335939,0.16776698857545852,0.045398956298828126
en_100m,FAS,en_fas_a,embedding_matrix,3000,1,0.6704046578510177,0.14057846069335939,0.16776698857545852,0.045398956298828126
en_100m,FAS,en_fas_a,embedding_matrix,3000,2,0.6704046578510177,0.14057846069335939,0.16776698857545852,0.045398956298828126
en_100m,FAS,en_fas_a,embedding_matrix,3000,3,0.6704046578510177,0.14057846069335939,0.16776698857545852,0.045398956298828126
en_100m,FAS,en_fas_a,embedding_matrix,3000,4,0.6704046578510177,0.14057846069335939,0.16776698857545852,0.045398956298828126
en_100m,FR,en_fr_a,embedding_matrix,500,0,0.6229817955689783,0.1067173843383789,0.1438962300121784,0.07794642639160156
en_100m,FR,en_fr_a,embedding_matrix,500,1,0.6229817955689783,0.1067173843383789,0.14389623925089837,0.07837097930908203
en_100m,FR,en_fr_a,embedding_matrix,500,2,0.6229817955689783,0.1067173843383789,0.14389623552560807,0.07814688873291016
en_100m,FR,en_fr_a,embedding_matrix,500,3,0.6229817955689783,0.1067173843383789,0.14389624208211899,0.07850651550292968
en_100m,FR,en_fr_a,embedding_matrix,500,4,0.6229817955689783,0.1067173843383789,0.1438962388038635,0.0783421859741211
en_100m,FR,en_fr_a,embedding_matrix,1000,0,0.6229817955689783,0.1067173843383789,0.14389624401926995,0.06495003509521484
en_100m,FR,en_fr_a,embedding_matrix,1000,1,0.6229817955689783,0.1067173843383789,0.1438962195813656,0.06490119934082031
en_100m,FR,en_fr_a,embedding_matrix,1000,2,0.6229817955689783,0.10671737670898437,0.1438962285220623,0.06505121612548828
en_100m,FR,en_fr_a,embedding_matrix,1000,3,0.6229817955689783,0.1067173843383789,0.14389624819159508,0.06447709655761719
en_100m,FR,en_fr_a,embedding_matrix,1000,4,0.6229817955689783,0.10671736907958984,0.14389621436595917,0.06496202087402343
en_100m,FR,en_fr_a,embedding_matrix,2000,0,0.6229817955689783,0.1067173843383789,0.1438962462544441,0.05132845687866211
en_100m,FR,en_fr_a,embedding_matrix,2000,1,0.6229817955689783,0.1067173843383789,0.14389624580740928,0.05126509094238281
en_100m,FR,en_fr_a,embedding_matrix,2000,2,0.6229817955689783,0.10671737670898437,0.1438962323963642,0.051281360626220705
en_100m,FR,en_fr_a,embedding_matrix,2000,3,0.6229817955689783,0.10671736907958984,0.14389623478055,0.05119078063964844
en_100m,FR,en_fr_a,embedding_matrix,2000,4,0.6229817955689783,0.1067173843383789,0.1438962398469448,0.051310447692871096
en_100m,FR,en_fr_a,embedding_matrix,3000,0,0.6229817955689783,0.1067173843383789,0.14389623939990998,0.04374689737955729
en_100m,FR,en_fr_a,embedding_matrix,3000,1,0.6229817955689783,0.1067173843383789,0.14389623939990998,0.04374689737955729
en_100m,FR,en_fr_a,embedding_matrix,3000,2,0.6229817955689783,0.1067173843383789,0.14389623939990998,0.04374689737955729
en_100m,FR,en_fr_a,embedding_matrix,3000,3,0.6229817955689783,0.1067173843383789,0.14389623939990998,0.04374689737955729
en_100m,FR,en_fr_a,embedding_matrix,3000,4,0.6229817955689783,0.1067173843383789,0.14389623939990998,0.04374689737955729
en_100m,IND,en_ind_a,embedding_matrix,500,0,0.6339393442367414,0.11320645141601562,0.1486925147473812,0.08018620300292968
en_100m,IND,en_ind_a,embedding_matrix,500,1,0.6339393442367414,0.11320645141601562,0.14869251146912574,0.07913261413574219
en_100m,IND,en_ind_a,embedding_matrix,500,2,0.6339393442367414,0.11320644378662109,0.14869249880313873,0.07968262481689453
en_100m,IND,en_ind_a,embedding_matrix,500,3,0.6339393442367414,0.11320644378662109,0.14869250982999802,0.07905350494384765
en_100m,IND,en_ind_a,embedding_matrix,500,4,0.6339393442367414,0.11320645141601562,0.148692514449358,0.07951551055908203
en_100m,IND,en_ind_a,embedding_matrix,1000,0,0.6339393442367414,0.11320644378662109,0.1486925096809864,0.0651855697631836
en_100m,IND,en_ind_a,embedding_matrix,1000,1,0.6339393442367414,0.11320644378662109,0.14869250431656839,0.06511229705810546
en_100m,IND,en_ind_a,embedding_matrix,1000,2,0.6339393442367414,0.11320645141601562,0.148692514449358,0.06526502227783203
en_100m,IND,en_ind_a,embedding_matrix,1000,3,0.6339393442367414,0.11320645141601562,0.1486925131082535,0.06503620910644531
en_100m,IND,en_ind_a,embedding_matrix,1000,4,0.6339393442367414,0.11320643615722656,0.14869248479604721,0.06520186614990234
en_100m,IND,en_ind_a,embedding_matrix,2000,0,0.6339393442367414,0.11320644378662109,0.1486925046145916,0.0511024169921875
en_100m,IND,en_ind_a,embedding_matrix,2000,1,0.6339393442367414,0.11320645141601562,0.14869250431656839,0.05113629913330078
en_100m,IND,en_ind_a,embedding_matrix,2000,2,0.6339393442367414,0.11320644378662109,0.14869249358773232,0.051292659759521485
en_100m,IND,en_ind_a,embedding_matrix,2000,3,0.6339393442367414,0.11320644378662109,0.14869251027703284,0.05126531219482422
en_100m,IND,en_ind_a,embedding_matrix,2000,4,0.6339393442367414,0.11320644378662109,0.14869250252842903,0.05116535186767578
en_100m,IND,en_ind_a,embedding_matrix,3000,0,0.6339393442367414,0.11320645141601562,0.14869251891970633,0.043567743937174476
en_100m,IND,en_ind_a,embedding_matrix,3000,1,0.6339393442367414,0.11320645141601562,0.14869251891970633,0.043567743937174476
en_100m,IND,en_ind_a,embedding_matrix,3000,2,0.6339393442367414,0.11320645141601562,0.14869251891970633,0.043567743937174476
en_100m,IND,en_ind_a,embedding_matrix,3000,3,0.6339393442367414,0.11320645141601562,0.14869251891970633,0.043567743937174476
en_100m,IND,en_ind_a,embedding_matrix,3000,4,0.6339393442367414,0.11320645141601562,0.14869251891970633,0.043567743937174476
en_100m,NLD,en_nld_a,embedding_matrix,500,0,0.635340351094283,0.11584523010253907,0.15150564551353454,0.08094015502929687
en_100m,NLD,en_nld_a,embedding_matrix,500,1,0.635340351094283,0.11584523773193359,0.15150566145777702,0.08009679412841797
en_100m,NLD,en_nld_a,embedding_matrix,500,2,0.635340351094283,0.11584523010253907,0.1515056410431862,0.08117687225341796
en_100m,NLD,en_nld_a,embedding_matrix,500,3,0.635340351094283,0.11584524536132812,0.1515056671202183,0.080483642578125
en_100m,NLD,en_nld_a,embedding_matrix,500,4,0.635340351094283,0.11584523773193359,0.15150566011667252,0.08093020629882812
en_100m,NLD,en_nld_a,embedding_matrix,1000,0,0.635340351094283,0.11584523010253907,0.1515056473016739,0.06576321411132813
en_100m,NLD,en_nld_a,embedding_matrix,1000,1,0.635340351094283,0.11584524536132812,0.15150566279888153,0.06583967590332031
en_100m,NLD,en_nld_a,embedding_matrix,1000,2,0.635340351094283,0.11584523773193359,0.15150566756725312,0.06591297149658203
en_100m,NLD,en_nld_a,embedding_matrix,1000,3,0.635340351094283,0.11584523773193359,0.15150565698742866,0.06590499114990235
en_100m,NLD,en_nld_a,embedding_matrix,1000,4,0.635340351094283,0.11584523773193359,0.151505656093359,0.06583641815185547
en_100m,NLD,en_nld_a,embedding_matrix,2000,0,0.635340351094283,0.11584523773193359,0.1515056572854519,0.05167891693115234
en_100m,NLD,en_nld_a,embedding_matrix,2000,1,0.635340351094283,0.11584523010253907,0.15150564894080162,0.05162957000732422
en_100m,NLD,en_nld_a,embedding_matrix,2000,2,0.635340351094283,0.11584524536132812,0.1515056771039963,0.05168974685668945
en_100m,NLD,en_nld_a,embedding_matrix,2000,3,0.635340351094283,0.11584525299072265,0.15150566905736923,0.05164556503295899
en_100m,NLD,en_nld_a,embedding_matrix,2000,4,0.635340351094283,0.11584523773193359,0.15150565028190613,0.051606689453125
en_100m,NLD,en_nld_a,embedding_matrix,3000,0,0.635340351094283,0.11584523010253907,0.15150566130876542,0.04392852274576823
en_100m,NLD,en_nld_a,embedding_matrix,3000,1,0.635340351094283,0.11584523010253907,0.15150566130876542,0.04392852274576823
en_100m,NLD,en_nld_a,embedding_matrix,3000,2,0.635340351094283,0.11584523010253907,0.15150566130876542,0.04392852274576823
en_100m,NLD,en_nld_a,embedding_matrix,3000,3,0.635340351094283,0.11584523010253907,0.15150566130876542,0.04392852274576823
en_100m,NLD,en_nld_a,embedding_matrix,3000,4,0.635340351094283,0.11584523010253907,0.15150566130876542,0.04392852274576823
en_100m,UKR,en_ukr_a,embedding_matrix,500,0,0.6661998076023952,0.14318673706054688,0.1671655023097992,0.08452259826660156
en_100m,UKR,en_ukr_a,embedding_matrix,500,1,0.6661998076023952,0.14318673706054688,0.16716550707817077,0.08365267181396484
en_100m,UKR,en_ukr_a,embedding_matrix,500,2,0.6661998076023952,0.14318673706054688,0.1671655085682869,0.08378148651123046
en_100m,UKR,en_ukr_a,embedding_matrix,500,3,0.6661998076023952,0.14318673706054688,0.16716549634933472,0.08339375305175781
en_100m,UKR,en_ukr_a,embedding_matrix,500,4,0.6661998076023952,0.14318673706054688,0.16716550290584564,0.082638427734375
en_100m,UKR,en_ukr_a,embedding_matrix,1000,0,0.6661998076023952,0.14318673706054688,0.16716550618410111,0.06792076110839844
en_100m,UKR,en_ukr_a,embedding_matrix,1000,1,0.6661998076023952,0.14318673706054688,0.16716551333665847,0.06750283050537109
en_100m,UKR,en_ukr_a,embedding_matrix,1000,2,0.6661998076023952,0.14318673706054688,0.16716550618410111,0.06731169891357422
en_100m,UKR,en_ukr_a,embedding_matrix,1000,3,0.6661998076023952,0.14318673706054688,0.167165507376194,0.06726835632324218
en_100m,UKR,en_ukr_a,embedding_matrix,1000,4,0.6661998076023952,0.14318673706054688,0.16716550171375275,0.06779734039306641
en_100m,UKR,en_ukr_a,embedding_matrix,2000,0,0.6661998076023952,0.14318673706054688,0.16716550946235656,0.05285404205322266
en_100m,UKR,en_ukr_a,embedding_matrix,2000,1,0.6661998076023952,0.14318673706054688,0.16716549634933472,0.05274301528930664
en_100m,UKR,en_ukr_a,embedding_matrix,2000,2,0.6661998076023952,0.14318673706054688,0.16716551095247267,0.052749393463134765
en_100m,UKR,en_ukr_a,embedding_matrix,2000,3,0.6661998076023952,0.14318673706054688,0.16716550678014755,0.052651405334472656
en_100m,UKR,en_ukr_a,embedding_matrix,2000,4,0.6661998076023952,0.14318673706054688,0.16716551750898362,0.05278232192993164
en_100m,UKR,en_ukr_a,embedding_matrix,3000,0,0.6661998076023952,0.14318673706054688,0.16716550141572953,0.04482866923014323
en_100m,UKR,en_ukr_a,embedding_matrix,3000,1,0.6661998076023952,0.14318673706054688,0.16716550141572953,0.04482866923014323
en_100m,UKR,en_ukr_a,embedding_matrix,3000,2,0.6661998076023952,0.14318673706054688,0.16716550141572953,0.04482866923014323
en_100m,UKR,en_ukr_a,embedding_matrix,3000,3,0.6661998076023952,0.14318673706054688,0.16716550141572953,0.04482866923014323
en_100m,UKR,en_ukr_a,embedding_matrix,3000,4,0.6661998076023952,0.14318673706054688,0.16716550141572953,0.04482866923014323
en_100m,ZH,en_zh_a,embedding_matrix,500,0,0.6704815870657592,0.14489886474609376,0.16755909383296966,0.08541838073730469
en_100m,ZH,en_zh_a,embedding_matrix,500,1,0.6704815870657592,0.14489886474609376,0.16755909219384194,0.08447934722900391
en_100m,ZH,en_zh_a,embedding_matrix,500,2,0.6704815870657592,0.14489888000488282,0.16755908563733102,0.0844185562133789
en_100m,ZH,en_zh_a,embedding_matrix,500,3,0.6704815870657592,0.14489886474609376,0.16755908280611037,0.08458417510986328
en_100m,ZH,en_zh_a,embedding_matrix,500,4,0.6704815870657592,0.14489886474609376,0.16755908116698265,0.08476878356933594
en_100m,ZH,en_zh_a,embedding_matrix,1000,0,0.6704815870657592,0.14489886474609376,0.16755909323692322,0.06874210357666016
en_100m,ZH,en_zh_a,embedding_matrix,1000,1,0.6704815870657592,0.14489886474609376,0.16755909085273743,0.06836683654785156
en_100m,ZH,en_zh_a,embedding_matrix,1000,2,0.6704815870657592,0.14489886474609376,0.16755908712744713,0.0686427001953125
en_100m,ZH,en_zh_a,embedding_matrix,1000,3,0.6704815870657592,0.14489886474609376,0.16755909338593483,0.0683852310180664
en_100m,ZH,en_zh_a,embedding_matrix,1000,4,0.6704815870657592,0.14489886474609376,0.16755907148122787,0.06844810485839843
en_100m,ZH,en_zh_a,embedding_matrix,2000,0,0.6704815870657592,0.14489886474609376,0.16755908042192458,0.05334175109863281
en_100m,ZH,en_zh_a,embedding_matrix,2000,1,0.6704815870657592,0.14489886474609376,0.16755909457802773,0.05328863525390625
en_100m,ZH,en_zh_a,embedding_matrix,2000,2,0.6704815870657592,0.14489886474609376,0.16755909457802773,0.05324477005004883
en_100m,ZH,en_zh_a,embedding_matrix,2000,3,0.6704815870657592,0.14489886474609376,0.16755909577012063,0.05329439926147461
en_100m,ZH,en_zh_a,embedding_matrix,2000,4,0.6704815870657592,0.14489886474609376,0.16755907624959945,0.05330434036254883
en_100m,ZH,en_zh_a,embedding_matrix,3000,0,0.6704815870657592,0.14489886474609376,0.16755909129977226,0.045291549682617185
en_100m,ZH,en_zh_a,embedding_matrix,3000,1,0.6704815870657592,0.14489886474609376,0.16755909129977226,0.045291549682617185
en_100m,ZH,en_zh_a,embedding_matrix,3000,2,0.6704815870657592,0.14489886474609376,0.16755909129977226,0.045291549682617185
en_100m,ZH,en_zh_a,embedding_matrix,3000,3,0.6704815870657592,0.14489886474609376,0.16755909129977226,0.045291549682617185
en_100m,ZH,en_zh_a,embedding_matrix,3000,4,0.6704815870657592,0.14489886474609376,0.16755909129977226,0.045291549682617185
en_100m,BUL,en_bul_a,pre_lmhead_contextual,500,0,0.7720506703729215,0.18979763793945312,3.4700235414505003,0.4970782470703125
en_100m,BUL,en_bul_a,pre_lmhead_contextual,500,1,0.7720506703729215,0.18979766845703125,3.4700243926048278,0.49271612548828125
en_100m,BUL,en_bul_a,pre_lmhead_contextual,500,2,0.7720506703729215,0.18979763793945312,3.4700223708152773,0.4915760498046875
en_100m,BUL,en_bul_a,pre_lmhead_contextual,500,3,0.7720506703729215,0.18979763793945312,3.4700239062309266,0.4906629943847656
en_100m,BUL,en_bul_a,pre_lmhead_contextual,500,4,0.7720506703729215,0.189797607421875,3.470023295879364,0.49009463500976563
en_100m,BUL,en_bul_a,pre_lmhead_contextual,1000,0,0.7720506703729215,0.189797607421875,3.4700231528282166,0.36132815551757813
en_100m,BUL,en_bul_a,pre_lmhead_contextual,1000,1,0.7720506703729215,0.189797607421875,3.470024092197418,0.3596327209472656
en_100m,BUL,en_bul_a,pre_lmhead_contextual,1000,2,0.7720506703729215,0.189797607421875,3.4700230097770692,0.36227618408203127
en_100m,BUL,en_bul_a,pre_lmhead_contextual,1000,3,0.7720506703729215,0.18979766845703125,3.470023684501648,0.3597703552246094
en_100m,BUL,en_bul_a,pre_lmhead_contextual,1000,4,0.7720506703729215,0.18979763793945312,3.4700236439704897,0.3603008117675781
en_100m,BUL,en_bul_a,pre_lmhead_contextual,2000,0,0.7720506703729215,0.18979762268066405,3.4700230073928835,0.26286734008789064
en_100m,BUL,en_bul_a,pre_lmhead_contextual,2000,1,0.7720506703729215,0.189797607421875,3.470022988319397,0.2628813781738281
en_100m,BUL,en_bul_a,pre_lmhead_contextual,2000,2,0.7720506703729215,0.1897977294921875,3.470024514198303,0.26169732666015627
en_100m,BUL,en_bul_a,pre_lmhead_contextual,2000,3,0.7720506703729215,0.189797607421875,3.470022909641266,0.2614225158691406
en_100m,BUL,en_bul_a,pre_lmhead_contextual,2000,4,0.7720506703729215,0.189797607421875,3.4700231552124023,0.26053204345703124
en_100m,BUL,en_bul_a,pre_lmhead_contextual,3000,0,0.7720506703729215,0.18979754638671875,3.470021417140961,0.21558565266927082
en_100m,BUL,en_bul_a,pre_lmhead_contextual,3000,1,0.7720506703729215,0.18979754638671875,3.470021417140961,0.21558565266927082
en_100m,BUL,en_bul_a,pre_lmhead_contextual,3000,2,0.7720506703729215,0.18979754638671875,3.470021417140961,0.21558565266927082
en_100m,BUL,en_bul_a,pre_lmhead_contextual,3000,3,0.7720506703729215,0.18979754638671875,3.470021417140961,0.21558565266927082
en_100m,BUL,en_bul_a,pre_lmhead_contextual,3000,4,0.7720506703729215,0.18979754638671875,3.470021417140961,0.21558565266927082
en_100m,DEU,en_deu_a,pre_lmhead_contextual,500,0,0.7871567333476817,0.1336478576660156,3.616766402721405,0.4810013427734375
en_100m,DEU,en_deu_a,pre_lmhead_contextual,500,1,0.7871567333476817,0.13364787292480468,3.616766324043274,0.4701038818359375
en_100m,DEU,en_deu_a,pre_lmhead_contextual,500,2,0.7871567333476817,0.13364784240722657,3.616766607761383,0.4727603759765625
en_100m,DEU,en_deu_a,pre_lmhead_contextual,500,3,0.7871567333476817,0.13364794921875,3.6167683148384095,0.4729411010742188
en_100m,DEU,en_deu_a,pre_lmhead_contextual,500,4,0.7871567333476817,0.13364784240722657,3.616765253543854,0.47351708984375
en_100m,DEU,en_deu_a,pre_lmhead_contextual,1000,0,0.7871567333476817,0.1336479034423828,3.616767158508301,0.34960479736328126
en_100m,DEU,en_deu_a,pre_lmhead_contextual,1000,1,0.7871567333476817,0.13364787292480468,3.6167667055130006,0.3495513000488281
en_100m,DEU,en_deu_a,pre_lmhead_contextual,1000,2,0.7871567333476817,0.13364787292480468,3.616766023635864,0.35057113647460936
en_100m,DEU,en_deu_a,pre_lmhead_contextual,1000,3,0.7871567333476817,0.13364788818359374,3.6167674684524536,0.346168701171875
en_100m,DEU,en_deu_a,pre_lmhead_contextual,1000,4,0.7871567333476817,0.13364788818359374,3.616767177581787,0.34585684204101563
en_100m,DEU,en_deu_a,pre_lmhead_contextual,2000,0,0.7871567333476817,0.1336479034423828,3.6167675828933716,0.2524240264892578
en_100m,DEU,en_deu_a,pre_lmhead_contextual,2000,1,0.7871567333476817,0.1336479034423828,3.6167672157287596,0.25247079467773437
en_100m,DEU,en_deu_a,pre_lmhead_contextual,2000,2,0.7871567333476817,0.13364791870117188,3.616767072677612,0.2523741455078125
en_100m,DEU,en_deu_a,pre_lmhead_contextual,2000,3,0.7871567333476817,0.13364788818359374,3.616767044067383,0.2532719421386719
en_100m,DEU,en_deu_a,pre_lmhead_contextual,2000,4,0.7871567333476817,0.13364787292480468,3.6167659854888914,0.25356991577148436
en_100m,DEU,en_deu_a,pre_lmhead_contextual,3000,0,0.7871567333476817,0.1336478576660156,3.6167657995224,0.20876957194010418
en_100m,DEU,en_deu_a,pre_lmhead_contextual,3000,1,0.7871567333476817,0.1336478576660156,3.6167657995224,0.20876957194010418
en_100m,DEU,en_deu_a,pre_lmhead_contextual,3000,2,0.7871567333476817,0.1336478576660156,3.6167657995224,0.20876957194010418
en_100m,DEU,en_deu_a,pre_lmhead_contextual,3000,3,0.7871567333476817,0.1336478576660156,3.6167657995224,0.20876957194010418
en_100m,DEU,en_deu_a,pre_lmhead_contextual,3000,4,0.7871567333476817,0.1336478576660156,3.6167657995224,0.20876957194010418
en_100m,FAS,en_fas_a,pre_lmhead_contextual,500,0,0.8008856679840654,0.17899476623535157,3.722312614917755,0.5320591430664062
en_100m,FAS,en_fas_a,pre_lmhead_contextual,500,1,0.8008856679840654,0.17899472045898437,3.7223110723495485,0.5286588745117188
en_100m,FAS,en_fas_a,pre_lmhead_contextual,500,2,0.8008856679840654,0.1789947509765625,3.7223128652572632,0.5244205932617187
en_100m,FAS,en_fas_a,pre_lmhead_contextual,500,3,0.8008856679840654,0.1789947509765625,3.722313070297241,0.5320806274414063
en_100m,FAS,en_fas_a,pre_lmhead_contextual,500,4,0.8008856679840654,0.17899478149414064,3.722312366962433,0.525645751953125
en_100m,FAS,en_fas_a,pre_lmhead_contextual,1000,0,0.8008856679840654,0.17899473571777344,3.7223131585121156,0.38598248291015624
en_100m,FAS,en_fas_a,pre_lmhead_contextual,1000,1,0.8008856679840654,0.17899472045898437,3.7223123502731323,0.3861330871582031
en_100m,FAS,en_fas_a,pre_lmhead_contextual,1000,2,0.8008856679840654,0.1789947509765625,3.722312207221985,0.38418380737304686
en_100m,FAS,en_fas_a,pre_lmhead_contextual,1000,3,0.8008856679840654,0.1789947509765625,3.7223124575614928,0.3862814025878906
en_100m,FAS,en_fas_a,pre_lmhead_contextual,1000,4,0.8008856679840654,0.17899473571777344,3.7223124384880064,0.38578680419921874
en_100m,FAS,en_fas_a,pre_lmhead_contextual,2000,0,0.8008856679840654,0.17899476623535157,3.7223120379447936,0.2802889709472656
en_100m,FAS,en_fas_a,pre_lmhead_contextual,2000,1,0.8008856679840654,0.1789947509765625,3.7223132705688475,0.2792861633300781
en_100m,FAS,en_fas_a,pre_lmhead_contextual,2000,2,0.8008856679840654,0.17899476623535157,3.722312180995941,0.277243896484375
en_100m,FAS,en_fas_a,pre_lmhead_contextual,2000,3,0.8008856679840654,0.17899478149414064,3.7223127484321594,0.2793637390136719
en_100m,FAS,en_fas_a,pre_lmhead_contextual,2000,4,0.8008856679840654,0.17899478149414064,3.7223131489753722,0.2777178649902344
en_100m,FAS,en_fas_a,pre_lmhead_contextual,3000,0,0.8008856679840654,0.178994873046875,3.722314352989197,0.22954109700520833
en_100m,FAS,en_fas_a,pre_lmhead_contextual,3000,1,0.8008856679840654,0.178994873046875,3.722314352989197,0.22954109700520833
en_100m,FAS,en_fas_a,pre_lmhead_contextual,3000,2,0.8008856679840654,0.178994873046875,3.722314352989197,0.22954109700520833
en_100m,FAS,en_fas_a,pre_lmhead_contextual,3000,3,0.8008856679840654,0.178994873046875,3.722314352989197,0.22954109700520833
en_100m,FAS,en_fas_a,pre_lmhead_contextual,3000,4,0.8008856679840654,0.178994873046875,3.722314352989197,0.22954109700520833
en_100m,FR,en_fr_a,pre_lmhead_contextual,500,0,0.7772403842481462,0.10360292816162109,3.4632991886138917,0.4479268798828125
en_100m,FR,en_fr_a,pre_lmhead_contextual,500,1,0.7772403842481462,0.10360292053222656,3.4632977938652036,0.44730511474609375
en_100m,FR,en_fr_a,pre_lmhead_contextual,500,2,0.7772403842481462,0.10360295104980469,3.463298587799072,0.44668051147460935
en_100m,FR,en_fr_a,pre_lmhead_contextual,500,3,0.7772403842481462,0.10360298156738282,3.4633002424240114,0.44828900146484374
en_100m,FR,en_fr_a,pre_lmhead_contextual,500,4,0.7772403842481462,0.10360296630859375,3.463299584388733,0.44852609252929687
en_100m,FR,en_fr_a,pre_lmhead_contextual,1000,0,0.7772403842481462,0.10360298156738282,3.4633000683784485,0.32749758911132815
en_100m,FR,en_fr_a,pre_lmhead_contextual,1000,1,0.7772403842481462,0.10360295104980469,3.4632989263534544,0.32908609008789064
en_100m,FR,en_fr_a,pre_lmhead_contextual,1000,2,0.7772403842481462,0.10360294342041015,3.463298709392548,0.3303975524902344
en_100m,FR,en_fr_a,pre_lmhead_contextual,1000,3,0.7772403842481462,0.10360295867919922,3.463298840522766,0.33010546875
en_100m,FR,en_fr_a,pre_lmhead_contextual,1000,4,0.7772403842481462,0.10360296630859375,3.463299343585968,0.3301165771484375
en_100m,FR,en_fr_a,pre_lmhead_contextual,2000,0,0.7772403842481462,0.10360299682617187,3.4633003187179567,0.23875141906738281
en_100m,FR,en_fr_a,pre_lmhead_contextual,2000,1,0.7772403842481462,0.10360297393798829,3.463299527168274,0.23893788146972655
en_100m,FR,en_fr_a,pre_lmhead_contextual,2000,2,0.7772403842481462,0.10360293579101562,3.4632984399795532,0.23921298217773437
en_100m,FR,en_fr_a,pre_lmhead_contextual,2000,3,0.7772403842481462,0.10360295867919922,3.4632992124557496,0.23891232299804688
en_100m,FR,en_fr_a,pre_lmhead_contextual,2000,4,0.7772403842481462,0.10360296630859375,3.463300199508667,0.2399122314453125
en_100m,FR,en_fr_a,pre_lmhead_contextual,3000,0,0.7772403842481462,0.10360295867919922,3.4632982325553896,0.19709847005208334
en_100m,FR,en_fr_a,pre_lmhead_contextual,3000,1,0.7772403842481462,0.10360295867919922,3.4632982325553896,0.19709847005208334
en_100m,FR,en_fr_a,pre_lmhead_contextual,3000,2,0.7772403842481462,0.10360295867919922,3.4632982325553896,0.19709847005208334
en_100m,FR,en_fr_a,pre_lmhead_contextual,3000,3,0.7772403842481462,0.10360295867919922,3.4632982325553896,0.19709847005208334
en_100m,FR,en_fr_a,pre_lmhead_contextual,3000,4,0.7772403842481462,0.10360295867919922,3.4632982325553896,0.19709847005208334
en_100m,IND,en_ind_a,pre_lmhead_contextual,500,0,0.7848359299848572,0.15416171264648437,3.3657041144371034,0.45485150146484377
en_100m,IND,en_ind_a,pre_lmhead_contextual,500,1,0.7848359299848572,0.15416165161132814,3.3657027554512022,0.4718751220703125
en_100m,IND,en_ind_a,pre_lmhead_contextual,500,2,0.7848359299848572,0.15416162109375,3.365701849460602,0.4648779296875
en_100m,IND,en_ind_a,pre_lmhead_contextual,500,3,0.7848359299848572,0.15416171264648437,3.365703308582306,0.4663918151855469
en_100m,IND,en_ind_a,pre_lmhead_contextual,500,4,0.7848359299848572,0.15416171264648437,3.3657032322883604,0.4587564697265625
en_100m,IND,en_ind_a,pre_lmhead_contextual,1000,0,0.7848359299848572,0.1541617431640625,3.365702519416809,0.34487918090820313
en_100m,IND,en_ind_a,pre_lmhead_contextual,1000,1,0.7848359299848572,0.15416168212890624,3.3657041358947755,0.3439051513671875
en_100m,IND,en_ind_a,pre_lmhead_contextual,1000,2,0.7848359299848572,0.15416168212890624,3.3657029700279235,0.3458680114746094
en_100m,IND,en_ind_a,pre_lmhead_contextual,1000,3,0.7848359299848572,0.1541615753173828,3.36570241689682,0.34577499389648436
en_100m,IND,en_ind_a,pre_lmhead_contextual,1000,4,0.7848359299848572,0.15416168212890624,3.365703089237213,0.3421549072265625
en_100m,IND,en_ind_a,pre_lmhead_contextual,2000,0,0.7848359299848572,0.15416159057617188,3.3657020497322083,0.2477802734375
en_100m,IND,en_ind_a,pre_lmhead_contextual,2000,1,0.7848359299848572,0.15416175842285157,3.3657050204277037,0.24947654724121093
en_100m,IND,en_ind_a,pre_lmhead_contextual,2000,2,0.7848359299848572,0.15416171264648437,3.3657021069526674,0.24970562744140626
en_100m,IND,en_ind_a,pre_lmhead_contextual,2000,3,0.7848359299848572,0.15416171264648437,3.3657031059265137,0.24867733764648436
en_100m,IND,en_ind_a,pre_lmhead_contextual,2000,4,0.7848359299848572,0.15416177368164063,3.365704472064972,0.24878109741210938
en_100m,IND,en_ind_a,pre_lmhead_contextual,3000,0,0.7848359299848572,0.15416171264648437,3.3657041788101196,0.20543064371744793
en_100m,IND,en_ind_a,pre_lmhead_contextual,3000,1,0.7848359299848572,0.15416171264648437,3.3657041788101196,0.20543064371744793
en_100m,IND,en_ind_a,pre_lmhead_contextual,3000,2,0.7848359299848572,0.15416171264648437,3.3657041788101196,0.20543064371744793
en_100m,IND,en_ind_a,pre_lmhead_contextual,3000,3,0.7848359299848572,0.15416171264648437,3.3657041788101196,0.20543064371744793
en_100m,IND,en_ind_a,pre_lmhead_contextual,3000,4,0.7848359299848572,0.15416171264648437,3.3657041788101196,0.20543064371744793
en_100m,NLD,en_nld_a,pre_lmhead_contextual,500,0,0.7781659557979477,0.1343804931640625,3.2562879514694214,0.4850526123046875
en_100m,NLD,en_nld_a,pre_lmhead_contextual,500,1,0.7781659557979477,0.134380615234375,3.2562896466255187,0.4846729431152344
en_100m,NLD,en_nld_a,pre_lmhead_contextual,500,2,0.7781659557979477,0.1343804931640625,3.256287055015564,0.48297412109375
en_100m,NLD,en_nld_a,pre_lmhead_contextual,500,3,0.7781659557979477,0.13438055419921874,3.2562893056869506,0.4842850646972656
en_100m,NLD,en_nld_a,pre_lmhead_contextual,500,4,0.7781659557979477,0.13438050842285157,3.256286838054657,0.49010821533203125
en_100m,NLD,en_nld_a,pre_lmhead_contextual,1000,0,0.7781659557979477,0.13438052368164063,3.25628812789917,0.35316220092773437
en_100m,NLD,en_nld_a,pre_lmhead_contextual,1000,1,0.7781659557979477,0.13438050842285157,3.2562878251075746,0.35656893920898436
en_100m,NLD,en_nld_a,pre_lmhead_contextual,1000,2,0.7781659557979477,0.13438050842285157,3.256287474632263,0.3579075927734375
en_100m,NLD,en_nld_a,pre_lmhead_contextual,1000,3,0.7781659557979477,0.13438050842285157,3.256287405490875,0.35639535522460936
en_100m,NLD,en_nld_a,pre_lmhead_contextual,1000,4,0.7781659557979477,0.13438047790527344,3.2562864446640014,0.35857122802734376
en_100m,NLD,en_nld_a,pre_lmhead_contextual,2000,0,0.7781659557979477,0.1343805389404297,3.256288104057312,0.25900070190429686
en_100m,NLD,en_nld_a,pre_lmhead_contextual,2000,1,0.7781659557979477,0.13438050842285157,3.256287651062012,0.2612188415527344
en_100m,NLD,en_nld_a,pre_lmhead_contextual,2000,2,0.7781659557979477,0.13438050842285157,3.256287157535553,0.259977783203125
en_100m,NLD,en_nld_a,pre_lmhead_contextual,2000,3,0.7781659557979477,0.1343804931640625,3.2562873268127444,0.2604858093261719
en_100m,NLD,en_nld_a,pre_lmhead_contextual,2000,4,0.7781659557979477,0.13438055419921874,3.2562885594367983,0.25974951171875
en_100m,NLD,en_nld_a,pre_lmhead_contextual,3000,0,0.7781659557979477,0.1343804473876953,3.256286134719849,0.21431978352864584
en_100m,NLD,en_nld_a,pre_lmhead_contextual,3000,1,0.7781659557979477,0.1343804473876953,3.256286134719849,0.21431978352864584
en_100m,NLD,en_nld_a,pre_lmhead_contextual,3000,2,0.7781659557979477,0.1343804473876953,3.256286134719849,0.21431978352864584
en_100m,NLD,en_nld_a,pre_lmhead_contextual,3000,3,0.7781659557979477,0.1343804473876953,3.256286134719849,0.21431978352864584
en_100m,NLD,en_nld_a,pre_lmhead_contextual,3000,4,0.7781659557979477,0.1343804473876953,3.256286134719849,0.21431978352864584
en_100m,UKR,en_ukr_a,pre_lmhead_contextual,500,0,0.7953488552536947,0.13813813781738282,3.936755907535553,0.49263525390625
en_100m,UKR,en_ukr_a,pre_lmhead_contextual,500,1,0.7953488552536947,0.1381381530761719,3.936755881309509,0.49593792724609376
en_100m,UKR,en_ukr_a,pre_lmhead_contextual,500,2,0.7953488552536947,0.13813819885253906,3.9367566442489625,0.488989013671875
en_100m,UKR,en_ukr_a,pre_lmhead_contextual,500,3,0.7953488552536947,0.13813812255859376,3.936755664348602,0.4894639892578125
en_100m,UKR,en_ukr_a,pre_lmhead_contextual,500,4,0.7953488552536947,0.1381381530761719,3.936756896972656,0.4900816955566406
en_100m,UKR,en_ukr_a,pre_lmhead_contextual,1000,0,0.7953488552536947,0.13813818359375,3.9367585301399233,0.361384765625
en_100m,UKR,en_ukr_a,pre_lmhead_contextual,1000,1,0.7953488552536947,0.13813812255859376,3.9367562246322634,0.3637370910644531
en_100m,UKR,en_ukr_a,pre_lmhead_contextual,1000,2,0.7953488552536947,0.13813812255859376,3.9367558932304383,0.3616141357421875
en_100m,UKR,en_ukr_a,pre_lmhead_contextual,1000,3,0.7953488552536947,0.13813812255859376,3.936755962371826,0.3616512451171875
en_100m,UKR,en_ukr_a,pre_lmhead_contextual,1000,4,0.7953488552536947,0.1381381530761719,3.9367565059661866,0.35709255981445315
en_100m,UKR,en_ukr_a,pre_lmhead_contextual,2000,0,0.7953488552536947,0.1381381072998047,3.936756794452667,0.26161129760742186
en_100m,UKR,en_ukr_a,pre_lmhead_contextual,2000,1,0.7953488552536947,0.13813816833496093,3.9367576956748964,0.2613150939941406
en_100m,UKR,en_ukr_a,pre_lmhead_contextual,2000,2,0.7953488552536947,0.1381381530761719,3.9367567801475527,0.26229769897460936
en_100m,UKR,en_ukr_a,pre_lmhead_contextual,2000,3,0.7953488552536947,0.13813821411132812,3.9367577719688414,0.2621221313476563
en_100m,UKR,en_ukr_a,pre_lmhead_contextual,2000,4,0.7953488552536947,0.13813819885253906,3.9367572140693663,0.26102587890625
en_100m,UKR,en_ukr_a,pre_lmhead_contextual,3000,0,0.7953488552536947,0.1381381072998047,3.936755607128143,0.21627250162760417
en_100m,UKR,en_ukr_a,pre_lmhead_contextual,3000,1,0.7953488552536947,0.1381381072998047,3.936755607128143,0.21627250162760417
en_100m,UKR,en_ukr_a,pre_lmhead_contextual,3000,2,0.7953488552536947,0.1381381072998047,3.936755607128143,0.21627250162760417
en_100m,UKR,en_ukr_a,pre_lmhead_contextual,3000,3,0.7953488552536947,0.1381381072998047,3.936755607128143,0.21627250162760417
en_100m,UKR,en_ukr_a,pre_lmhead_contextual,3000,4,0.7953488552536947,0.1381381072998047,3.936755607128143,0.21627250162760417
en_100m,ZH,en_zh_a,pre_lmhead_contextual,500,0,0.8227120534066783,0.23316061401367189,3.5886096954345703,0.5799910278320313
en_100m,ZH,en_zh_a,pre_lmhead_contextual,500,1,0.8227120534066783,0.23316059875488282,3.5886081671714782,0.5820181884765625
en_100m,ZH,en_zh_a,pre_lmhead_contextual,500,2,0.8227120534066783,0.23316065979003905,3.5886083674430846,0.581438720703125
en_100m,ZH,en_zh_a,pre_lmhead_contextual,500,3,0.8227120534066783,0.23316070556640625,3.58860958814621,0.5766810913085938
en_100m,ZH,en_zh_a,pre_lmhead_contextual,500,4,0.8227120534066783,0.23316055297851562,3.5886068534851074,0.5826088256835937
en_100m,ZH,en_zh_a,pre_lmhead_contextual,1000,0,0.8227120534066783,0.23316055297851562,3.588606834411621,0.42544754028320314
en_100m,ZH,en_zh_a,pre_lmhead_contextual,1000,1,0.8227120534066783,0.23316053771972656,3.5886074352264403,0.42429046630859374
en_100m,ZH,en_zh_a,pre_lmhead_contextual,1000,2,0.8227120534066783,0.23316061401367189,3.5886066579818725,0.4224283447265625
en_100m,ZH,en_zh_a,pre_lmhead_contextual,1000,3,0.8227120534066783,0.23316070556640625,3.5886098098754884,0.4250175476074219
en_100m,ZH,en_zh_a,pre_lmhead_contextual,1000,4,0.8227120534066783,0.2331605682373047,3.588607196807861,0.4281693725585938
en_100m,ZH,en_zh_a,pre_lmhead_contextual,2000,0,0.8227120534066783,0.23316058349609375,3.5886070799827574,0.30739004516601565
en_100m,ZH,en_zh_a,pre_lmhead_contextual,2000,1,0.8227120534066783,0.2331605682373047,3.5886083006858827,0.3055981140136719
en_100m,ZH,en_zh_a,pre_lmhead_contextual,2000,2,0.8227120534066783,0.23316064453125,3.588608272075653,0.3074096374511719
en_100m,ZH,en_zh_a,pre_lmhead_contextual,2000,3,0.8227120534066783,0.23316059875488282,3.5886084389686586,0.30523971557617186
en_100m,ZH,en_zh_a,pre_lmhead_contextual,2000,4,0.8227120534066783,0.23316065979003905,3.5886077165603636,0.3065081787109375
en_100m,ZH,en_zh_a,pre_lmhead_contextual,3000,0,0.8227120534066783,0.23316058349609375,3.5886087441444396,0.25229427083333333
en_100m,ZH,en_zh_a,pre_lmhead_contextual,3000,1,0.8227120534066783,0.23316058349609375,3.5886087441444396,0.25229427083333333
en_100m,ZH,en_zh_a,pre_lmhead_contextual,3000,2,0.8227120534066783,0.23316058349609375,3.5886087441444396,0.25229427083333333
en_100m,ZH,en_zh_a,pre_lmhead_contextual,3000,3,0.8227120534066783,0.23316058349609375,3.5886087441444396,0.25229427083333333
en_100m,ZH,en_zh_a,pre_lmhead_contextual,3000,4,0.8227120534066783,0.23316058349609375,3.5886087441444396,0.25229427083333333
en_50m,BUL,en_bul_a,embedding_matrix,500,0,0.6172742124992326,0.11149542999267578,0.12516233578324318,0.06571460723876953
en_50m,BUL,en_bul_a,embedding_matrix,500,1,0.6172742124992326,0.11149542999267578,0.12516233533620835,0.06565397644042968
en_50m,BUL,en_bul_a,embedding_matrix,500,2,0.6172742124992326,0.11149542999267578,0.12516233071684837,0.06524874114990234
en_50m,BUL,en_bul_a,embedding_matrix,500,3,0.6172742124992326,0.11149543762207031,0.12516233637928964,0.06578385162353516
en_50m,BUL,en_bul_a,embedding_matrix,500,4,0.6172742124992326,0.11149542999267578,0.12516233399510385,0.06522451782226563
en_50m,BUL,en_bul_a,embedding_matrix,1000,0,0.6172742124992326,0.11149543762207031,0.1251623387634754,0.05451693344116211
en_50m,BUL,en_bul_a,embedding_matrix,1000,1,0.6172742124992326,0.11149543762207031,0.1251623411476612,0.05480721664428711
en_50m,BUL,en_bul_a,embedding_matrix,1000,2,0.6172742124992326,0.11149542999267578,0.12516234204173088,0.0545516357421875
en_50m,BUL,en_bul_a,embedding_matrix,1000,3,0.6172742124992326,0.11149542999267578,0.1251623387634754,0.05460594177246094
en_50m,BUL,en_bul_a,embedding_matrix,1000,4,0.6172742124992326,0.11149542236328125,0.12516233816742897,0.054046791076660154
en_50m,BUL,en_bul_a,embedding_matrix,2000,0,0.6172742124992326,0.11149542999267578,0.12516233205795288,0.042954906463623044
en_50m,BUL,en_bul_a,embedding_matrix,2000,1,0.6172742124992326,0.11149542999267578,0.12516234010457994,0.0429672966003418
en_50m,BUL,en_bul_a,embedding_matrix,2000,2,0.6172742124992326,0.11149544525146485,0.125162343531847,0.043040782928466796
en_50m,BUL,en_bul_a,embedding_matrix,2000,3,0.6172742124992326,0.11149542999267578,0.12516233071684837,0.04302318954467774
en_50m,BUL,en_bul_a,embedding_matrix,2000,4,0.6172742124992326,0.11149543762207031,0.12516234293580056,0.04290583038330078
en_50m,BUL,en_bul_a,embedding_matrix,3000,0,0.6172742124992326,0.11149542999267578,0.12516233816742897,0.036626421610514326
en_50m,BUL,en_bul_a,embedding_matrix,3000,1,0.6172742124992326,0.11149542999267578,0.12516233816742897,0.036626421610514326
en_50m,BUL,en_bul_a,embedding_matrix,3000,2,0.6172742124992326,0.11149542999267578,0.12516233816742897,0.036626421610514326
en_50m,BUL,en_bul_a,embedding_matrix,3000,3,0.6172742124992326,0.11149542999267578,0.12516233816742897,0.036626421610514326
en_50m,BUL,en_bul_a,embedding_matrix,3000,4,0.6172742124992326,0.11149542999267578,0.12516233816742897,0.036626421610514326
en_50m,DEU,en_deu_a,embedding_matrix,500,0,0.6322740747072433,0.110217529296875,0.1307866905629635,0.06791175842285156
en_50m,DEU,en_deu_a,embedding_matrix,500,1,0.6322740747072433,0.110217529296875,0.13078669026494028,0.06722166442871094
en_50m,DEU,en_deu_a,embedding_matrix,500,2,0.6322740747072433,0.110217529296875,0.1307866993546486,0.06782428741455078
en_50m,DEU,en_deu_a,embedding_matrix,500,3,0.6322740747072433,0.110217529296875,0.13078669026494028,0.06742766571044922
en_50m,DEU,en_deu_a,embedding_matrix,500,4,0.6322740747072433,0.11021753692626954,0.13078670158982278,0.06790259552001954
en_50m,DEU,en_deu_a,embedding_matrix,1000,0,0.6322740747072433,0.11021753692626954,0.130786701887846,0.05582308578491211
en_50m,DEU,en_deu_a,embedding_matrix,1000,1,0.6322740747072433,0.11021753692626954,0.1307867082953453,0.0560787467956543
en_50m,DEU,en_deu_a,embedding_matrix,1000,2,0.6322740747072433,0.11021753692626954,0.13078670352697372,0.05593349075317383
en_50m,DEU,en_deu_a,embedding_matrix,1000,3,0.6322740747072433,0.11021752166748047,0.1307866805791855,0.055615177154541014
en_50m,DEU,en_deu_a,embedding_matrix,1000,4,0.6322740747072433,0.110217529296875,0.13078669413924218,0.05564292144775391
en_50m,DEU,en_deu_a,embedding_matrix,2000,0,0.6322740747072433,0.11021752166748047,0.13078668475151062,0.04411490249633789
en_50m,DEU,en_deu_a,embedding_matrix,2000,1,0.6322740747072433,0.11021753692626954,0.1307867042720318,0.04406672668457031
en_50m,DEU,en_deu_a,embedding_matrix,2000,2,0.6322740747072433,0.110217529296875,0.13078669503331183,0.04402341079711914
en_50m,DEU,en_deu_a,embedding_matrix,2000,3,0.6322740747072433,0.110217529296875,0.13078670382499694,0.04412388610839844
en_50m,DEU,en_deu_a,embedding_matrix,2000,4,0.6322740747072433,0.110217529296875,0.1307866996526718,0.04411658477783203
en_50m,DEU,en_deu_a,embedding_matrix,3000,0,0.6322740747072433,0.110217529296875,0.1307866920530796,0.03754935963948568
en_50m,DEU,en_deu_a,embedding_matrix,3000,1,0.6322740747072433,0.110217529296875,0.1307866920530796,0.03754935963948568
en_50m,DEU,en_deu_a,embedding_matrix,3000,2,0.6322740747072433,0.110217529296875,0.1307866920530796,0.03754935963948568
en_50m,DEU,en_deu_a,embedding_matrix,3000,3,0.6322740747072433,0.110217529296875,0.1307866920530796,0.03754935963948568
en_50m,DEU,en_deu_a,embedding_matrix,3000,4,0.6322740747072433,0.110217529296875,0.1307866920530796,0.03754935963948568
en_50m,FAS,en_fas_a,embedding_matrix,500,0,0.6612384718435076,0.13686027526855468,0.14362328857183457,0.07074930572509766
en_50m,FAS,en_fas_a,embedding_matrix,500,1,0.6612384718435076,0.13686029052734375,0.1436232839524746,0.07081826782226562
en_50m,FAS,en_fas_a,embedding_matrix,500,2,0.6612384718435076,0.13686027526855468,0.1436232841014862,0.07146903991699219
en_50m,FAS,en_fas_a,embedding_matrix,500,3,0.6612384718435076,0.13686029052734375,0.14362328961491586,0.07149895477294922
en_50m,FAS,en_fas_a,embedding_matrix,500,4,0.6612384718435076,0.13686027526855468,0.1436232776939869,0.07099163818359375
en_50m,FAS,en_fas_a,embedding_matrix,1000,0,0.6612384718435076,0.13686027526855468,0.14362327456474305,0.05853900527954101
en_50m,FAS,en_fas_a,embedding_matrix,1000,1,0.6612384718435076,0.13686029052734375,0.14362328976392746,0.05795456314086914
en_50m,FAS,en_fas_a,embedding_matrix,1000,2,0.6612384718435076,0.13686029052734375,0.14362327814102172,0.05795714950561524
en_50m,FAS,en_fas_a,embedding_matrix,1000,3,0.6612384718435076,0.13686027526855468,0.14362328216433526,0.057965190887451175
en_50m,FAS,en_fas_a,embedding_matrix,1000,4,0.6612384718435076,0.13686027526855468,0.14362328693270685,0.05800687026977539
en_50m,FAS,en_fas_a,embedding_matrix,2000,0,0.6612384718435076,0.13686027526855468,0.14362327635288238,0.045521251678466795
en_50m,FAS,en_fas_a,embedding_matrix,2000,1,0.6612384718435076,0.13686029052734375,0.14362327963113786,0.045632598876953125
en_50m,FAS,en_fas_a,embedding_matrix,2000,2,0.6612384718435076,0.13686029052734375,0.1436232839524746,0.04559984970092774
en_50m,FAS,en_fas_a,embedding_matrix,2000,3,0.6612384718435076,0.13686027526855468,0.14362328857183457,0.04550808715820313
en_50m,FAS,en_fas_a,embedding_matrix,2000,4,0.6612384718435076,0.13686027526855468,0.14362327709794045,0.04556473159790039
en_50m,FAS,en_fas_a,embedding_matrix,3000,0,0.6612384718435076,0.13686027526855468,0.14362328216433526,0.038707603454589845
en_50m,FAS,en_fas_a,embedding_matrix,3000,1,0.6612384718435076,0.13686027526855468,0.14362328216433526,0.038707603454589845
en_50m,FAS,en_fas_a,embedding_matrix,3000,2,0.6612384718435076,0.13686027526855468,0.14362328216433526,0.038707603454589845
en_50m,FAS,en_fas_a,embedding_matrix,3000,3,0.6612384718435076,0.13686027526855468,0.14362328216433526,0.038707603454589845
en_50m,FAS,en_fas_a,embedding_matrix,3000,4,0.6612384718435076,0.13686027526855468,0.14362328216433526,0.038707603454589845
en_50m,FR,en_fr_a,embedding_matrix,500,0,0.6194582637816725,0.10323126220703124,0.12553052142262458,0.06720228576660156
en_50m,FR,en_fr_a,embedding_matrix,500,1,0.6194582637816725,0.10323126220703124,0.12553051769733428,0.06780899047851563
en_50m,FR,en_fr_a,embedding_matrix,500,2,0.6194582637816725,0.10323126220703124,0.12553052559494973,0.06800836944580078
en_50m,FR,en_fr_a,embedding_matrix,500,3,0.6194582637816725,0.10323125457763672,0.12553051576018334,0.0675547866821289
en_50m,FR,en_fr_a,embedding_matrix,500,4,0.6194582637816725,0.10323126220703124,0.12553051829338074,0.06688339233398438
en_50m,FR,en_fr_a,embedding_matrix,1000,0,0.6194582637816725,0.10323126220703124,0.12553052023053168,0.05621150207519531
en_50m,FR,en_fr_a,embedding_matrix,1000,1,0.6194582637816725,0.10323125457763672,0.12553051382303237,0.056610897064208986
en_50m,FR,en_fr_a,embedding_matrix,1000,2,0.6194582637816725,0.10323125457763672,0.12553051978349686,0.056153427124023436
en_50m,FR,en_fr_a,embedding_matrix,1000,3,0.6194582637816725,0.10323126983642578,0.12553052231669426,0.0562552375793457
en_50m,FR,en_fr_a,embedding_matrix,1000,4,0.6194582637816725,0.10323126983642578,0.12553052842617035,0.056787124633789064
en_50m,FR,en_fr_a,embedding_matrix,2000,0,0.6194582637816725,0.10323125457763672,0.12553050607442856,0.04460150146484375
en_50m,FR,en_fr_a,embedding_matrix,2000,1,0.6194582637816725,0.10323126220703124,0.12553051963448525,0.044689449310302734
en_50m,FR,en_fr_a,embedding_matrix,2000,2,0.6194582637816725,0.10323125457763672,0.1255305117368698,0.044585777282714845
en_50m,FR,en_fr_a,embedding_matrix,2000,3,0.6194582637816725,0.10323126983642578,0.12553052604198456,0.0447632064819336
en_50m,FR,en_fr_a,embedding_matrix,2000,4,0.6194582637816725,0.10323126220703124,0.12553051561117173,0.044673133850097656
en_50m,FR,en_fr_a,embedding_matrix,3000,0,0.6194582637816725,0.10323125457763672,0.12553051516413688,0.03819053904215495
en_50m,FR,en_fr_a,embedding_matrix,3000,1,0.6194582637816725,0.10323125457763672,0.12553051516413688,0.03819053904215495
en_50m,FR,en_fr_a,embedding_matrix,3000,2,0.6194582637816725,0.10323125457763672,0.12553051516413688,0.03819053904215495
en_50m,FR,en_fr_a,embedding_matrix,3000,3,0.6194582637816725,0.10323125457763672,0.12553051516413688,0.03819053904215495
en_50m,FR,en_fr_a,embedding_matrix,3000,4,0.6194582637816725,0.10323125457763672,0.12553051516413688,0.03819053904215495
en_50m,IND,en_ind_a,embedding_matrix,500,0,0.6321534771532327,0.11001332092285156,0.12739885985851288,0.06771537017822266
en_50m,IND,en_ind_a,embedding_matrix,500,1,0.6321534771532327,0.11001331329345704,0.12739885449409485,0.06763607025146484
en_50m,IND,en_ind_a,embedding_matrix,500,2,0.6321534771532327,0.11001332855224609,0.1273988650739193,0.06713517761230468
en_50m,IND,en_ind_a,embedding_matrix,500,3,0.6321534771532327,0.11001331329345704,0.12739885374903678,0.06686100769042969
en_50m,IND,en_ind_a,embedding_matrix,500,4,0.6321534771532327,0.11001332092285156,0.12739886313676835,0.06718067169189453
en_50m,IND,en_ind_a,embedding_matrix,1000,0,0.6321534771532327,0.1100133056640625,0.1273988501727581,0.05526072311401367
en_50m,IND,en_ind_a,embedding_matrix,1000,1,0.6321534771532327,0.1100133056640625,0.1273988503217697,0.0560994873046875
en_50m,IND,en_ind_a,embedding_matrix,1000,2,0.6321534771532327,0.11001332092285156,0.12739885821938515,0.05556318283081055
en_50m,IND,en_ind_a,embedding_matrix,1000,3,0.632203880379039,0.11001331329345704,0.12739884316921235,0.0556534309387207
en_50m,IND,en_ind_a,embedding_matrix,1000,4,0.6321534771532327,0.11001331329345704,0.12739884704351426,0.05559957885742187
en_50m,IND,en_ind_a,embedding_matrix,2000,0,0.6321534771532327,0.11001332855224609,0.12739885613322258,0.04402352523803711
en_50m,IND,en_ind_a,embedding_matrix,2000,1,0.6321534771532327,0.11001331329345704,0.12739886045455934,0.04410557556152344
en_50m,IND,en_ind_a,embedding_matrix,2000,2,0.6321534771532327,0.11001332855224609,0.12739886805415154,0.04396139144897461
en_50m,IND,en_ind_a,embedding_matrix,2000,3,0.6321534771532327,0.11001331329345704,0.12739885360002517,0.044160476684570314
en_50m,IND,en_ind_a,embedding_matrix,2000,4,0.6321534771532327,0.11001333618164062,0.12739886701107025,0.04403160095214844
en_50m,IND,en_ind_a,embedding_matrix,3000,0,0.6321534771532327,0.11001332092285156,0.12739885717630386,0.037567392985026045
en_50m,IND,en_ind_a,embedding_matrix,3000,1,0.6321534771532327,0.11001332092285156,0.12739885717630386,0.037567392985026045
en_50m,IND,en_ind_a,embedding_matrix,3000,2,0.6321534771532327,0.11001332092285156,0.12739885717630386,0.037567392985026045
en_50m,IND,en_ind_a,embedding_matrix,3000,3,0.6321534771532327,0.11001332092285156,0.12739885717630386,0.037567392985026045
en_50m,IND,en_ind_a,embedding_matrix,3000,4,0.6321534771532327,0.11001332092285156,0.12739885717630386,0.037567392985026045
en_50m,NLD,en_nld_a,embedding_matrix,500,0,0.6227522604173714,0.11065052795410156,0.13093024402856826,0.06891413879394531
en_50m,NLD,en_nld_a,embedding_matrix,500,1,0.6227522604173714,0.11065052795410156,0.13093024462461472,0.06883463287353515
en_50m,NLD,en_nld_a,embedding_matrix,500,2,0.6227522604173714,0.11065053558349609,0.13093025401234626,0.06891283416748047
en_50m,NLD,en_nld_a,embedding_matrix,500,3,0.6227522604173714,0.11065053558349609,0.13093025594949723,0.06904724884033203
en_50m,NLD,en_nld_a,embedding_matrix,500,4,0.6227522604173714,0.11065054321289063,0.1309302619099617,0.06843775939941406
en_50m,NLD,en_nld_a,embedding_matrix,1000,0,0.6227522604173714,0.11065053558349609,0.13093025580048562,0.056811687469482425
en_50m,NLD,en_nld_a,embedding_matrix,1000,1,0.6227522604173714,0.11065052795410156,0.13093025401234626,0.05657732772827148
en_50m,NLD,en_nld_a,embedding_matrix,1000,2,0.6227522604173714,0.11065053558349609,0.13093025252223014,0.056226356506347656
en_50m,NLD,en_nld_a,embedding_matrix,1000,3,0.6227522604173714,0.11065054321289063,0.1309302555024624,0.056490058898925784
en_50m,NLD,en_nld_a,embedding_matrix,1000,4,0.6227522604173714,0.11065054321289063,0.130930265635252,0.056714614868164065
en_50m,NLD,en_nld_a,embedding_matrix,2000,0,0.6227522604173714,0.11065053558349609,0.13093025147914886,0.04464017105102539
en_50m,NLD,en_nld_a,embedding_matrix,2000,1,0.6227522604173714,0.11065054321289063,0.13093025699257851,0.04464965057373047
en_50m,NLD,en_nld_a,embedding_matrix,2000,2,0.6227522604173714,0.11065054321289063,0.13093025743961334,0.044649776458740235
en_50m,NLD,en_nld_a,embedding_matrix,2000,3,0.6227522604173714,0.11065053558349609,0.13093025743961334,0.04462803268432617
en_50m,NLD,en_nld_a,embedding_matrix,2000,4,0.6227522604173714,0.11065052795410156,0.130930245667696,0.04458871459960938
en_50m,NLD,en_nld_a,embedding_matrix,3000,0,0.6227522604173714,0.11065053558349609,0.13093024924397467,0.03799051920572916
en_50m,NLD,en_nld_a,embedding_matrix,3000,1,0.6227522604173714,0.11065053558349609,0.13093024924397467,0.03799051920572916
en_50m,NLD,en_nld_a,embedding_matrix,3000,2,0.6227522604173714,0.11065053558349609,0.13093024924397467,0.03799051920572916
en_50m,NLD,en_nld_a,embedding_matrix,3000,3,0.6227522604173714,0.11065053558349609,0.13093024924397467,0.03799051920572916
en_50m,NLD,en_nld_a,embedding_matrix,3000,4,0.6227522604173714,0.11065053558349609,0.13093024924397467,0.03799051920572916
en_50m,UKR,en_ukr_a,embedding_matrix,500,0,0.6559818833998307,0.1380087432861328,0.14777326941490174,0.06989633178710937
en_50m,UKR,en_ukr_a,embedding_matrix,500,1,0.6559818833998307,0.1380087432861328,0.14777327135205268,0.07012799072265626
en_50m,UKR,en_ukr_a,embedding_matrix,500,2,0.6559818833998307,0.1380087432861328,0.14777326479554176,0.06967678070068359
en_50m,UKR,en_ukr_a,embedding_matrix,500,3,0.6559818833998307,0.1380087432861328,0.14777326449751854,0.07027129364013672
en_50m,UKR,en_ukr_a,embedding_matrix,500,4,0.6559818833998307,0.1380087432861328,0.14777326419949532,0.0699698715209961
en_50m,UKR,en_ukr_a,embedding_matrix,1000,0,0.6559818833998307,0.1380087432861328,0.14777326777577401,0.057017002105712894
en_50m,UKR,en_ukr_a,embedding_matrix,1000,1,0.6559818833998307,0.1380087432861328,0.14777327403426171,0.05723576354980469
en_50m,UKR,en_ukr_a,embedding_matrix,1000,2,0.6559818833998307,0.1380087432861328,0.1477732652425766,0.05734082794189453
en_50m,UKR,en_ukr_a,embedding_matrix,1000,3,0.6559818833998307,0.1380087432861328,0.14777327388525008,0.05701764297485352
en_50m,UKR,en_ukr_a,embedding_matrix,1000,4,0.6559818833998307,0.1380087432861328,0.14777326330542565,0.057102298736572264
en_50m,UKR,en_ukr_a,embedding_matrix,2000,0,0.6559818833998307,0.1380087432861328,0.14777326852083206,0.04486960220336914
en_50m,UKR,en_ukr_a,embedding_matrix,2000,1,0.6559818833998307,0.1380087432861328,0.1477732726931572,0.04483634567260742
en_50m,UKR,en_ukr_a,embedding_matrix,2000,2,0.6559818833998307,0.13800875854492187,0.14777327209711075,0.04481256866455078
en_50m,UKR,en_ukr_a,embedding_matrix,2000,3,0.6559818833998307,0.1380087432861328,0.14777326762676238,0.04489168930053711
en_50m,UKR,en_ukr_a,embedding_matrix,2000,4,0.6559818833998307,0.13800875854492187,0.14777326941490174,0.04501692199707031
en_50m,UKR,en_ukr_a,embedding_matrix,3000,0,0.6559818833998307,0.1380087432861328,0.14777326107025146,0.03818290456136068
en_50m,UKR,en_ukr_a,embedding_matrix,3000,1,0.6559818833998307,0.1380087432861328,0.14777326107025146,0.03818290456136068
en_50m,UKR,en_ukr_a,embedding_matrix,3000,2,0.6559818833998307,0.1380087432861328,0.14777326107025146,0.03818290456136068
en_50m,UKR,en_ukr_a,embedding_matrix,3000,3,0.6559818833998307,0.1380087432861328,0.14777326107025146,0.03818290456136068
en_50m,UKR,en_ukr_a,embedding_matrix,3000,4,0.6559818833998307,0.1380087432861328,0.14777326107025146,0.03818290456136068
en_50m,ZH,en_zh_a,embedding_matrix,500,0,0.6672353550192995,0.1449780578613281,0.14899282708764075,0.07144609069824219
en_50m,ZH,en_zh_a,embedding_matrix,500,1,0.6672353550192995,0.1449780578613281,0.1489928311109543,0.07048857879638672
en_50m,ZH,en_zh_a,embedding_matrix,500,2,0.6672353550192995,0.1449780578613281,0.14899282455444335,0.07112187194824218
en_50m,ZH,en_zh_a,embedding_matrix,500,3,0.6672353550192995,0.1449780578613281,0.14899282798171043,0.0710248794555664
en_50m,ZH,en_zh_a,embedding_matrix,500,4,0.6672353550192995,0.1449780578613281,0.14899283215403558,0.07103513336181641
en_50m,ZH,en_zh_a,embedding_matrix,1000,0,0.6672353550192995,0.1449780578613281,0.14899282559752464,0.0579393196105957
en_50m,ZH,en_zh_a,embedding_matrix,1000,1,0.6672353550192995,0.1449780578613281,0.14899282544851303,0.05791789627075195
en_50m,ZH,en_zh_a,embedding_matrix,1000,2,0.6672353550192995,0.14497804260253908,0.1489928275346756,0.057681617736816404
en_50m,ZH,en_zh_a,embedding_matrix,1000,3,0.6672353550192995,0.1449780578613281,0.1489928323030472,0.057680381774902346
en_50m,ZH,en_zh_a,embedding_matrix,1000,4,0.6672353550192995,0.14497804260253908,0.1489928276836872,0.05778232574462891
en_50m,ZH,en_zh_a,embedding_matrix,2000,0,0.6672353550192995,0.1449780578613281,0.1489928297698498,0.045278736114501957
en_50m,ZH,en_zh_a,embedding_matrix,2000,1,0.6672353550192995,0.1449780578613281,0.14899282902479172,0.04536650848388672
en_50m,ZH,en_zh_a,embedding_matrix,2000,2,0.6672353550192995,0.14497804260253908,0.148992817401886,0.04517767333984375
en_50m,ZH,en_zh_a,embedding_matrix,2000,3,0.6672353550192995,0.14497807312011718,0.14899282783269882,0.045489059448242185
en_50m,ZH,en_zh_a,embedding_matrix,2000,4,0.6672353550192995,0.1449780578613281,0.14899282827973365,0.045420028686523437
en_50m,ZH,en_zh_a,embedding_matrix,3000,0,0.6672353550192995,0.1449780578613281,0.14899282544851303,0.03856652577718099
en_50m,ZH,en_zh_a,embedding_matrix,3000,1,0.6672353550192995,0.1449780578613281,0.14899282544851303,0.03856652577718099
en_50m,ZH,en_zh_a,embedding_matrix,3000,2,0.6672353550192995,0.1449780578613281,0.14899282544851303,0.03856652577718099
en_50m,ZH,en_zh_a,embedding_matrix,3000,3,0.6672353550192995,0.1449780578613281,0.14899282544851303,0.03856652577718099
en_50m,ZH,en_zh_a,embedding_matrix,3000,4,0.6672353550192995,0.1449780578613281,0.14899282544851303,0.03856652577718099
en_50m,BUL,en_bul_a,pre_lmhead_contextual,500,0,0.7616252324623424,0.1582410583496094,2.276525933742523,0.3685284118652344
en_50m,BUL,en_bul_a,pre_lmhead_contextual,500,1,0.7616252324623424,0.15824110412597656,2.276526300907135,0.3643310546875
en_50m,BUL,en_bul_a,pre_lmhead_contextual,500,2,0.7616252324623424,0.15824107360839842,2.276525957584381,0.3702375793457031
en_50m,BUL,en_bul_a,pre_lmhead_contextual,500,3,0.7616252324623424,0.15824118041992188,2.2765265202522276,0.3713849182128906
en_50m,BUL,en_bul_a,pre_lmhead_contextual,500,4,0.7616252324623424,0.1582410583496094,2.276526026725769,0.37167507934570315
en_50m,BUL,en_bul_a,pre_lmhead_contextual,1000,0,0.7616252324623424,0.15824110412597656,2.276526246070862,0.2750262451171875
en_50m,BUL,en_bul_a,pre_lmhead_contextual,1000,1,0.7616252324623424,0.1582410888671875,2.276525659561157,0.2711374816894531
en_50m,BUL,en_bul_a,pre_lmhead_contextual,1000,2,0.7616252324623424,0.1582410888671875,2.2765259552001953,0.27589437866210936
en_50m,BUL,en_bul_a,pre_lmhead_contextual,1000,3,0.7616252324623424,0.15824107360839842,2.2765259957313537,0.27726800537109375
en_50m,BUL,en_bul_a,pre_lmhead_contextual,1000,4,0.7616252324623424,0.15824110412597656,2.2765263891220093,0.27818292236328124
en_50m,BUL,en_bul_a,pre_lmhead_contextual,2000,0,0.7616252324623424,0.15824111938476562,2.27652583360672,0.20215342712402343
en_50m,BUL,en_bul_a,pre_lmhead_contextual,2000,1,0.7616252324623424,0.15824110412597656,2.2765260577201842,0.2009754638671875
en_50m,BUL,en_bul_a,pre_lmhead_contextual,2000,2,0.7616252324623424,0.1582411346435547,2.2765258359909057,0.2008153076171875
en_50m,BUL,en_bul_a,pre_lmhead_contextual,2000,3,0.7616252324623424,0.1582410888671875,2.276526203155518,0.20123187255859376
en_50m,BUL,en_bul_a,pre_lmhead_contextual,2000,4,0.7616252324623424,0.15824111938476562,2.276526165008545,0.20063299560546874
en_50m,BUL,en_bul_a,pre_lmhead_contextual,3000,0,0.7616252324623424,0.1582410888671875,2.2765257811546324,0.16617080688476563
en_50m,BUL,en_bul_a,pre_lmhead_contextual,3000,1,0.7616252324623424,0.1582410888671875,2.2765257811546324,0.16617080688476563
en_50m,BUL,en_bul_a,pre_lmhead_contextual,3000,2,0.7616252324623424,0.1582410888671875,2.2765257811546324,0.16617080688476563
en_50m,BUL,en_bul_a,pre_lmhead_contextual,3000,3,0.7616252324623424,0.1582410888671875,2.2765257811546324,0.16617080688476563
en_50m,BUL,en_bul_a,pre_lmhead_contextual,3000,4,0.7616252324623424,0.1582410888671875,2.2765257811546324,0.16617080688476563
en_50m,DEU,en_deu_a,pre_lmhead_contextual,500,0,0.7785595727162522,0.11424195861816407,2.5396809148788453,0.37012118530273436
en_50m,DEU,en_deu_a,pre_lmhead_contextual,500,1,0.7785595727162522,0.11424195861816407,2.5396807098388674,0.3629028015136719
en_50m,DEU,en_deu_a,pre_lmhead_contextual,500,2,0.7785595727162522,0.11424193572998047,2.539680440425873,0.3623815612792969
en_50m,DEU,en_deu_a,pre_lmhead_contextual,500,3,0.7785595727162522,0.11424198150634765,2.5396806693077085,0.3626557922363281
en_50m,DEU,en_deu_a,pre_lmhead_contextual,500,4,0.7785595727162522,0.11424195861816407,2.539681043624878,0.3576555480957031
en_50m,DEU,en_deu_a,pre_lmhead_contextual,1000,0,0.7785595727162522,0.11424198913574218,2.5396809864044187,0.2691859436035156
en_50m,DEU,en_deu_a,pre_lmhead_contextual,1000,1,0.7785595727162522,0.11424195861816407,2.539680554866791,0.27072982788085936
en_50m,DEU,en_deu_a,pre_lmhead_contextual,1000,2,0.7785595727162522,0.11424197387695313,2.5396807479858396,0.2725076904296875
en_50m,DEU,en_deu_a,pre_lmhead_contextual,1000,3,0.7785595727162522,0.11424195098876953,2.539680788516998,0.2716836853027344
en_50m,DEU,en_deu_a,pre_lmhead_contextual,1000,4,0.7785595727162522,0.11424197387695313,2.53968058347702,0.27454833984375
en_50m,DEU,en_deu_a,pre_lmhead_contextual,2000,0,0.7785595727162522,0.11424195098876953,2.539680824279785,0.19707064819335937
en_50m,DEU,en_deu_a,pre_lmhead_contextual,2000,1,0.7785595727162522,0.11424198150634765,2.5396811985969543,0.1994768524169922
en_50m,DEU,en_deu_a,pre_lmhead_contextual,2000,2,0.7785595727162522,0.11424198913574218,2.539680902957916,0.1997391052246094
en_50m,DEU,en_deu_a,pre_lmhead_contextual,2000,3,0.7785595727162522,0.11424199676513672,2.539680707454681,0.1996890869140625
en_50m,DEU,en_deu_a,pre_lmhead_contextual,2000,4,0.7785595727162522,0.11424195098876953,2.5396807098388674,0.1984759979248047
en_50m,DEU,en_deu_a,pre_lmhead_contextual,3000,0,0.7785595727162522,0.11424198150634765,2.5396810293197634,0.16490059407552082
en_50m,DEU,en_deu_a,pre_lmhead_contextual,3000,1,0.7785595727162522,0.11424198150634765,2.5396810293197634,0.16490059407552082
en_50m,DEU,en_deu_a,pre_lmhead_contextual,3000,2,0.7785595727162522,0.11424198150634765,2.5396810293197634,0.16490059407552082
en_50m,DEU,en_deu_a,pre_lmhead_contextual,3000,3,0.7785595727162522,0.11424198150634765,2.5396810293197634,0.16490059407552082
en_50m,DEU,en_deu_a,pre_lmhead_contextual,3000,4,0.7785595727162522,0.11424198150634765,2.5396810293197634,0.16490059407552082
en_50m,FAS,en_fas_a,pre_lmhead_contextual,500,0,0.7951203895740918,0.15364788818359376,2.468316586017609,0.39829229736328126
en_50m,FAS,en_fas_a,pre_lmhead_contextual,500,1,0.7951203895740918,0.15364785766601563,2.468317122459412,0.39292556762695313
en_50m,FAS,en_fas_a,pre_lmhead_contextual,500,2,0.7951203895740918,0.1536478271484375,2.4683161616325378,0.3933800048828125
en_50m,FAS,en_fas_a,pre_lmhead_contextual,500,3,0.7951203895740918,0.15364781188964843,2.468316652774811,0.3948206787109375
en_50m,FAS,en_fas_a,pre_lmhead_contextual,500,4,0.7951203895740918,0.1536478271484375,2.4683165526390076,0.39482135009765623
en_50m,FAS,en_fas_a,pre_lmhead_contextual,1000,0,0.7951203895740918,0.1536477813720703,2.4683166193962096,0.29373941040039064
en_50m,FAS,en_fas_a,pre_lmhead_contextual,1000,1,0.7951203895740918,0.15364781188964843,2.4683168578147887,0.2906395263671875
en_50m,FAS,en_fas_a,pre_lmhead_contextual,1000,2,0.7951203895740918,0.15364781188964843,2.4683164882659914,0.29235040283203123
en_50m,FAS,en_fas_a,pre_lmhead_contextual,1000,3,0.7951203895740918,0.15364784240722656,2.468316607475281,0.2903766174316406
en_50m,FAS,en_fas_a,pre_lmhead_contextual,1000,4,0.7951203895740918,0.15364785766601563,2.468316831588745,0.293582763671875
en_50m,FAS,en_fas_a,pre_lmhead_contextual,2000,0,0.7951203895740918,0.15364784240722656,2.468316426277161,0.21315003967285157
en_50m,FAS,en_fas_a,pre_lmhead_contextual,2000,1,0.7951203895740918,0.15364781188964843,2.4683165049552915,0.21296412658691405
en_50m,FAS,en_fas_a,pre_lmhead_contextual,2000,2,0.7951203895740918,0.15364781188964843,2.4683165335655213,0.21257270812988283
en_50m,FAS,en_fas_a,pre_lmhead_contextual,2000,3,0.7951203895740918,0.15364788818359376,2.468316524028778,0.21281158447265625
en_50m,FAS,en_fas_a,pre_lmhead_contextual,2000,4,0.7951203895740918,0.15364784240722656,2.4683167219161986,0.21126045227050783
en_50m,FAS,en_fas_a,pre_lmhead_contextual,3000,0,0.7951203895740918,0.15364784240722656,2.4683167719841004,0.17581131998697916
en_50m,FAS,en_fas_a,pre_lmhead_contextual,3000,1,0.7951203895740918,0.15364784240722656,2.4683167719841004,0.17581131998697916
en_50m,FAS,en_fas_a,pre_lmhead_contextual,3000,2,0.7951203895740918,0.15364784240722656,2.4683167719841004,0.17581131998697916
en_50m,FAS,en_fas_a,pre_lmhead_contextual,3000,3,0.7951203895740918,0.15364784240722656,2.4683167719841004,0.17581131998697916
en_50m,FAS,en_fas_a,pre_lmhead_contextual,3000,4,0.7951203895740918,0.15364784240722656,2.4683167719841004,0.17581131998697916
en_50m,FR,en_fr_a,pre_lmhead_contextual,500,0,0.7660300433051852,0.08929106903076171,2.330752592086792,0.33719989013671875
en_50m,FR,en_fr_a,pre_lmhead_contextual,500,1,0.7660300433051852,0.08929106903076171,2.3307528924942016,0.34097869873046877
en_50m,FR,en_fr_a,pre_lmhead_contextual,500,2,0.7660300433051852,0.08929106903076171,2.3307528614997866,0.3383160095214844
en_50m,FR,en_fr_a,pre_lmhead_contextual,500,3,0.7660300433051852,0.08929106903076171,2.3307532787323,0.34440167236328123
en_50m,FR,en_fr_a,pre_lmhead_contextual,500,4,0.7660300433051852,0.08929106903076171,2.3307533288002014,0.339576904296875
en_50m,FR,en_fr_a,pre_lmhead_contextual,1000,0,0.7660300433051852,0.08929106903076171,2.3307530283927917,0.25712789916992185
en_50m,FR,en_fr_a,pre_lmhead_contextual,1000,1,0.7660300433051852,0.0892910614013672,2.3307525753974914,0.25492611694335937
en_50m,FR,en_fr_a,pre_lmhead_contextual,1000,2,0.7660300433051852,0.0892910614013672,2.3307529377937315,0.25277801513671877
en_50m,FR,en_fr_a,pre_lmhead_contextual,1000,3,0.7660300433051852,0.08929106903076171,2.3307532453536988,0.2577763366699219
en_50m,FR,en_fr_a,pre_lmhead_contextual,1000,4,0.7660300433051852,0.0892910614013672,2.330753083229065,0.2516894989013672
en_50m,FR,en_fr_a,pre_lmhead_contextual,2000,0,0.7660300433051852,0.08929106903076171,2.330753519535065,0.18562623596191405
en_50m,FR,en_fr_a,pre_lmhead_contextual,2000,1,0.7660300433051852,0.08929106903076171,2.330753366947174,0.1861000671386719
en_50m,FR,en_fr_a,pre_lmhead_contextual,2000,2,0.7660300433051852,0.0892910614013672,2.3307530951499937,0.18705856323242187
en_50m,FR,en_fr_a,pre_lmhead_contextual,2000,3,0.7660300433051852,0.08929106903076171,2.3307525229454042,0.18608506774902345
en_50m,FR,en_fr_a,pre_lmhead_contextual,2000,4,0.7660300433051852,0.0892910614013672,2.3307530283927917,0.18641712951660155
en_50m,FR,en_fr_a,pre_lmhead_contextual,3000,0,0.7660300433051852,0.0892910614013672,2.330753266811371,0.1541845194498698
en_50m,FR,en_fr_a,pre_lmhead_contextual,3000,1,0.7660300433051852,0.0892910614013672,2.330753266811371,0.1541845194498698
en_50m,FR,en_fr_a,pre_lmhead_contextual,3000,2,0.7660300433051852,0.0892910614013672,2.330753266811371,0.1541845194498698
en_50m,FR,en_fr_a,pre_lmhead_contextual,3000,3,0.7660300433051852,0.0892910614013672,2.330753266811371,0.1541845194498698
en_50m,FR,en_fr_a,pre_lmhead_contextual,3000,4,0.7660300433051852,0.0892910614013672,2.330753266811371,0.1541845194498698
en_50m,IND,en_ind_a,pre_lmhead_contextual,500,0,0.7874282683277463,0.13423641967773436,2.3295331692695616,0.36995501708984374
en_50m,IND,en_ind_a,pre_lmhead_contextual,500,1,0.7874282683277463,0.13423638916015626,2.3295333123207094,0.36656103515625
en_50m,IND,en_ind_a,pre_lmhead_contextual,500,2,0.7874282683277463,0.13423641967773436,2.32953266620636,0.362301513671875
en_50m,IND,en_ind_a,pre_lmhead_contextual,500,3,0.7874282683277463,0.13423638916015626,2.3295331692695616,0.3673973083496094
en_50m,IND,en_ind_a,pre_lmhead_contextual,500,4,0.7874282683277463,0.13423643493652343,2.329532866477966,0.3659423522949219
en_50m,IND,en_ind_a,pre_lmhead_contextual,1000,0,0.7874282683277463,0.13423643493652343,2.3295331263542174,0.2735516357421875
en_50m,IND,en_ind_a,pre_lmhead_contextual,1000,1,0.7874282683277463,0.1342364044189453,2.3295328187942506,0.27365374755859373
en_50m,IND,en_ind_a,pre_lmhead_contextual,1000,2,0.7874282683277463,0.1342363739013672,2.32953293800354,0.2776318969726562
en_50m,IND,en_ind_a,pre_lmhead_contextual,1000,3,0.7874282683277463,0.13423638916015626,2.329533042907715,0.27670773315429686
en_50m,IND,en_ind_a,pre_lmhead_contextual,1000,4,0.7874282683277463,0.13423635864257813,2.3295330119132998,0.2771082763671875
en_50m,IND,en_ind_a,pre_lmhead_contextual,2000,0,0.7874282683277463,0.13423638916015626,2.3295329666137694,0.2017423095703125
en_50m,IND,en_ind_a,pre_lmhead_contextual,2000,1,0.7874282683277463,0.13423643493652343,2.329533350467682,0.20017210388183593
en_50m,IND,en_ind_a,pre_lmhead_contextual,2000,2,0.7874282683277463,0.13423638916015626,2.329532787799835,0.20026593017578126
en_50m,IND,en_ind_a,pre_lmhead_contextual,2000,3,0.7874282683277463,0.13423641967773436,2.3295330476760863,0.202016357421875
en_50m,IND,en_ind_a,pre_lmhead_contextual,2000,4,0.7874282683277463,0.1342364044189453,2.329533250331879,0.2002279815673828
en_50m,IND,en_ind_a,pre_lmhead_contextual,3000,0,0.7874282683277463,0.13423641967773436,2.3295335364341736,0.16631283569335936
en_50m,IND,en_ind_a,pre_lmhead_contextual,3000,1,0.7874282683277463,0.13423641967773436,2.3295335364341736,0.16631283569335936
en_50m,IND,en_ind_a,pre_lmhead_contextual,3000,2,0.7874282683277463,0.13423641967773436,2.3295335364341736,0.16631283569335936
en_50m,IND,en_ind_a,pre_lmhead_contextual,3000,3,0.7874282683277463,0.13423641967773436,2.3295335364341736,0.16631283569335936
en_50m,IND,en_ind_a,pre_lmhead_contextual,3000,4,0.7874282683277463,0.13423641967773436,2.3295335364341736,0.16631283569335936
en_50m,NLD,en_nld_a,pre_lmhead_contextual,500,0,0.7696560879744755,0.11589893341064453,2.367092127799988,0.37423129272460937
en_50m,NLD,en_nld_a,pre_lmhead_contextual,500,1,0.7696560879744755,0.11589893341064453,2.3670923280715943,0.3797098083496094
en_50m,NLD,en_nld_a,pre_lmhead_contextual,500,2,0.7696560879744755,0.1158989486694336,2.3670928931236266,0.37624594116210935
en_50m,NLD,en_nld_a,pre_lmhead_contextual,500,3,0.7696560879744755,0.1158989486694336,2.3670925760269164,0.3602880859375
en_50m,NLD,en_nld_a,pre_lmhead_contextual,500,4,0.7696560879744755,0.11589897155761719,2.36709228515625,0.3703784484863281
en_50m,NLD,en_nld_a,pre_lmhead_contextual,1000,0,0.7696560879744755,0.1158989486694336,2.3670924305915833,0.28092050170898436
en_50m,NLD,en_nld_a,pre_lmhead_contextual,1000,1,0.7696560879744755,0.1158989486694336,2.3670927143096923,0.2785923767089844
en_50m,NLD,en_nld_a,pre_lmhead_contextual,1000,2,0.7696560879744755,0.11589895629882813,2.367092344760895,0.2807394714355469
en_50m,NLD,en_nld_a,pre_lmhead_contextual,1000,3,0.7696560879744755,0.11589896392822266,2.3670926833152772,0.27910260009765625
en_50m,NLD,en_nld_a,pre_lmhead_contextual,1000,4,0.7696560879744755,0.11589895629882813,2.3670920014381407,0.28384909057617186
en_50m,NLD,en_nld_a,pre_lmhead_contextual,2000,0,0.7696560879744755,0.1158989486694336,2.3670925426483156,0.20489289855957032
en_50m,NLD,en_nld_a,pre_lmhead_contextual,2000,1,0.7696560879744755,0.11589893341064453,2.367092673778534,0.20642747497558595
en_50m,NLD,en_nld_a,pre_lmhead_contextual,2000,2,0.7696560879744755,0.11589895629882813,2.3670926332473754,0.20462274169921876
en_50m,NLD,en_nld_a,pre_lmhead_contextual,2000,3,0.7696560879744755,0.11589896392822266,2.3670925641059877,0.20345753479003906
en_50m,NLD,en_nld_a,pre_lmhead_contextual,2000,4,0.7696560879744755,0.11589897918701172,2.36709299325943,0.205011474609375
en_50m,NLD,en_nld_a,pre_lmhead_contextual,3000,0,0.7696560879744755,0.11589893341064453,2.367092390060425,0.16982987467447916
en_50m,NLD,en_nld_a,pre_lmhead_contextual,3000,1,0.7696560879744755,0.11589893341064453,2.367092390060425,0.16982987467447916
en_50m,NLD,en_nld_a,pre_lmhead_contextual,3000,2,0.7696560879744755,0.11589893341064453,2.367092390060425,0.16982987467447916
en_50m,NLD,en_nld_a,pre_lmhead_contextual,3000,3,0.7696560879744755,0.11589893341064453,2.367092390060425,0.16982987467447916
en_50m,NLD,en_nld_a,pre_lmhead_contextual,3000,4,0.7696560879744755,0.11589893341064453,2.367092390060425,0.16982987467447916
en_50m,UKR,en_ukr_a,pre_lmhead_contextual,500,0,0.7948000844645112,0.11798133087158204,2.8047248578071593,0.3860062255859375
en_50m,UKR,en_ukr_a,pre_lmhead_contextual,500,1,0.7948000844645112,0.11798133850097656,2.8047242283821108,0.38373712158203127
en_50m,UKR,en_ukr_a,pre_lmhead_contextual,500,2,0.7948000844645112,0.1179813232421875,2.804724941253662,0.377403564453125
en_50m,UKR,en_ukr_a,pre_lmhead_contextual,500,3,0.7948000844645112,0.11798136901855469,2.8047252893447876,0.37910818481445313
en_50m,UKR,en_ukr_a,pre_lmhead_contextual,500,4,0.7948000844645112,0.11798133087158204,2.804724352359772,0.38171173095703126
en_50m,UKR,en_ukr_a,pre_lmhead_contextual,1000,0,0.7948000844645112,0.11798135375976562,2.8047242760658264,0.28245657348632813
en_50m,UKR,en_ukr_a,pre_lmhead_contextual,1000,1,0.7948000844645112,0.11798136901855469,2.804724373817444,0.2815915832519531
en_50m,UKR,en_ukr_a,pre_lmhead_contextual,1000,2,0.7948000844645112,0.11798133850097656,2.804724853038788,0.28397998046875
en_50m,UKR,en_ukr_a,pre_lmhead_contextual,1000,3,0.7948000844645112,0.11798136901855469,2.8047244238853453,0.2877012634277344
en_50m,UKR,en_ukr_a,pre_lmhead_contextual,1000,4,0.7948000844645112,0.11798134613037109,2.8047248983383177,0.2839400634765625
en_50m,UKR,en_ukr_a,pre_lmhead_contextual,2000,0,0.7948000844645112,0.11798134613037109,2.80472407579422,0.20818067932128906
en_50m,UKR,en_ukr_a,pre_lmhead_contextual,2000,1,0.7948000844645112,0.11798134613037109,2.804724118709564,0.20730558776855468
en_50m,UKR,en_ukr_a,pre_lmhead_contextual,2000,2,0.7948000844645112,0.11798133850097656,2.8047242951393128,0.20957318115234375
en_50m,UKR,en_ukr_a,pre_lmhead_contextual,2000,3,0.7948000844645112,0.11798133850097656,2.8047242879867555,0.20809896850585938
en_50m,UKR,en_ukr_a,pre_lmhead_contextual,2000,4,0.7948000844645112,0.11798134613037109,2.804724917411804,0.20868087768554688
en_50m,UKR,en_ukr_a,pre_lmhead_contextual,3000,0,0.7948000844645112,0.11798137664794922,2.8047244215011595,0.1723458251953125
en_50m,UKR,en_ukr_a,pre_lmhead_contextual,3000,1,0.7948000844645112,0.11798137664794922,2.8047244215011595,0.1723458251953125
en_50m,UKR,en_ukr_a,pre_lmhead_contextual,3000,2,0.7948000844645112,0.11798137664794922,2.8047244215011595,0.1723458251953125
en_50m,UKR,en_ukr_a,pre_lmhead_contextual,3000,3,0.7948000844645112,0.11798137664794922,2.8047244215011595,0.1723458251953125
en_50m,UKR,en_ukr_a,pre_lmhead_contextual,3000,4,0.7948000844645112,0.11798137664794922,2.8047244215011595,0.1723458251953125
en_50m,ZH,en_zh_a,pre_lmhead_contextual,500,0,0.8087033362266741,0.2021425323486328,2.3941769647598266,0.43244229125976563
en_50m,ZH,en_zh_a,pre_lmhead_contextual,500,1,0.8087033362266741,0.2021425323486328,2.3941770815849304,0.44187158203125
en_50m,ZH,en_zh_a,pre_lmhead_contextual,500,2,0.8087033362266741,0.2021425018310547,2.3941771531105043,0.4303667907714844
en_50m,ZH,en_zh_a,pre_lmhead_contextual,500,3,0.8087033362266741,0.20214248657226563,2.3941766238212585,0.43128887939453125
en_50m,ZH,en_zh_a,pre_lmhead_contextual,500,4,0.8087033362266741,0.20214247131347657,2.394176437854767,0.42851962280273437
en_50m,ZH,en_zh_a,pre_lmhead_contextual,1000,0,0.8087033362266741,0.20214256286621093,2.3941771483421324,0.32063665771484373
en_50m,ZH,en_zh_a,pre_lmhead_contextual,1000,1,0.8087033362266741,0.2021425018310547,2.394176332950592,0.3199452819824219
en_50m,ZH,en_zh_a,pre_lmhead_contextual,1000,2,0.8087033362266741,0.20214247131347657,2.394176585674286,0.31503805541992186
en_50m,ZH,en_zh_a,pre_lmhead_contextual,1000,3,0.8087033362266741,0.2021425018310547,2.3941760993003847,0.31925540161132815
en_50m,ZH,en_zh_a,pre_lmhead_contextual,1000,4,0.8087033362266741,0.2021425018310547,2.3941765236854553,0.31580914306640623
en_50m,ZH,en_zh_a,pre_lmhead_contextual,2000,0,0.8087033362266741,0.20214248657226563,2.3941771173477173,0.23168785095214844
en_50m,ZH,en_zh_a,pre_lmhead_contextual,2000,1,0.8087033362266741,0.2021425018310547,2.394176697731018,0.23314790344238281
en_50m,ZH,en_zh_a,pre_lmhead_contextual,2000,2,0.8087033362266741,0.20214260864257813,2.3941775798797607,0.23238279724121094
en_50m,ZH,en_zh_a,pre_lmhead_contextual,2000,3,0.8087033362266741,0.2021425323486328,2.3941766881942748,0.2312843780517578
en_50m,ZH,en_zh_a,pre_lmhead_contextual,2000,4,0.8087033362266741,0.20214254760742187,2.3941771459579466,0.23139888000488282
en_50m,ZH,en_zh_a,pre_lmhead_contextual,3000,0,0.8087033362266741,0.20214248657226563,2.3941770887374876,0.191847900390625
en_50m,ZH,en_zh_a,pre_lmhead_contextual,3000,1,0.8087033362266741,0.20214248657226563,2.3941770887374876,0.191847900390625
en_50m,ZH,en_zh_a,pre_lmhead_contextual,3000,2,0.8087033362266741,0.20214248657226563,2.3941770887374876,0.191847900390625
en_50m,ZH,en_zh_a,pre_lmhead_contextual,3000,3,0.8087033362266741,0.20214248657226563,2.3941770887374876,0.191847900390625
en_50m,ZH,en_zh_a,pre_lmhead_contextual,3000,4,0.8087033362266741,0.20214248657226563,2.3941770887374876,0.191847900390625
