model_a,model_b,layer,head,axis_abs_projection_diff_mean
en_50m,en_bul_a,4,0,1190.2539654541015
en_50m,en_bul_a,4,1,755.5963455200196
en_50m,en_bul_a,4,2,537.3356546020508
en_50m,en_bul_a,4,3,588.2209060668945
en_50m,en_bul_a,4,4,728.400883178711
en_50m,en_bul_a,4,5,730.6642041015625
en_50m,en_bul_a,4,6,475.82768585205076
en_50m,en_bul_a,4,7,550.6494299316406
en_50m,en_bul_a,4,8,477.5107702636719
en_50m,en_bul_a,4,9,473.8907955932617
en_50m,en_bul_a,4,10,585.6027038574218
en_50m,en_bul_a,4,11,634.7252502441406
en_50m,en_bul_a,5,0,1282.305942993164
en_50m,en_bul_a,5,1,816.1561218261719
en_50m,en_bul_a,5,2,563.2884896850586
en_50m,en_bul_a,5,3,649.6909771728516
en_50m,en_bul_a,5,4,804.0696060180665
en_50m,en_bul_a,5,5,787.1024462890625
en_50m,en_bul_a,5,6,515.033568725586
en_50m,en_bul_a,5,7,600.0445257568359
en_50m,en_bul_a,5,8,496.16260833740233
en_50m,en_bul_a,5,9,529.3516345214844
en_50m,en_bul_a,5,10,631.0743978881836
en_50m,en_bul_a,5,11,696.0869323730469
en_50m,en_bul_a,6,0,1390.6274383544921
en_50m,en_bul_a,6,1,821.7013507080078
en_50m,en_bul_a,6,2,564.7336898803711
en_50m,en_bul_a,6,3,644.3897253417969
en_50m,en_bul_a,6,4,802.3907815551757
en_50m,en_bul_a,6,5,781.8235452270508
en_50m,en_bul_a,6,6,527.8231921386719
en_50m,en_bul_a,6,7,602.8362884521484
en_50m,en_bul_a,6,8,484.1605987548828
en_50m,en_bul_a,6,9,497.39735290527346
en_50m,en_bul_a,6,10,629.8513674926758
en_50m,en_bul_a,6,11,678.4904608154297
en_50m,en_deu_a,4,0,761.7012979125976
en_50m,en_deu_a,4,1,734.0989776611328
en_50m,en_deu_a,4,2,523.9482263183594
en_50m,en_deu_a,4,3,433.71552642822263
en_50m,en_deu_a,4,4,792.0613293457031
en_50m,en_deu_a,4,5,582.0595635986328
en_50m,en_deu_a,4,6,396.9570553588867
en_50m,en_deu_a,4,7,530.3714184570313
en_50m,en_deu_a,4,8,713.8350073242187
en_50m,en_deu_a,4,9,431.7503036499023
en_50m,en_deu_a,4,10,440.5811468505859
en_50m,en_deu_a,4,11,866.0906945800781
en_50m,en_deu_a,5,0,766.6367126464844
en_50m,en_deu_a,5,1,752.3337438964844
en_50m,en_deu_a,5,2,522.3101055908203
en_50m,en_deu_a,5,3,447.08511016845705
en_50m,en_deu_a,5,4,817.9171704101562
en_50m,en_deu_a,5,5,613.6920092773438
en_50m,en_deu_a,5,6,401.7819259643555
en_50m,en_deu_a,5,7,547.2047637939453
en_50m,en_deu_a,5,8,741.2512567138672
en_50m,en_deu_a,5,9,448.64634796142576
en_50m,en_deu_a,5,10,455.66675262451173
en_50m,en_deu_a,5,11,928.8018896484375
en_50m,en_deu_a,6,0,764.0928015136719
en_50m,en_deu_a,6,1,754.9039587402344
en_50m,en_deu_a,6,2,524.5999481201172
en_50m,en_deu_a,6,3,465.50570404052735
en_50m,en_deu_a,6,4,854.7812048339844
en_50m,en_deu_a,6,5,648.0710043334961
en_50m,en_deu_a,6,6,413.4347180175781
en_50m,en_deu_a,6,7,553.9929406738281
en_50m,en_deu_a,6,8,765.782504272461
en_50m,en_deu_a,6,9,462.6111444091797
en_50m,en_deu_a,6,10,482.54997619628904
en_50m,en_deu_a,6,11,993.2554736328125
en_50m,en_fas_a,4,0,686.4689465332032
en_50m,en_fas_a,4,1,786.0565026855469
en_50m,en_fas_a,4,2,460.54552307128904
en_50m,en_fas_a,4,3,507.7029913330078
en_50m,en_fas_a,4,4,466.3369088745117
en_50m,en_fas_a,4,5,391.19586303710935
en_50m,en_fas_a,4,6,393.9139370727539
en_50m,en_fas_a,4,7,1412.1357135009766
en_50m,en_fas_a,4,8,424.63624084472656
en_50m,en_fas_a,4,9,1559.256787109375
en_50m,en_fas_a,4,10,647.2628393554687
en_50m,en_fas_a,4,11,1043.1016729736327
en_50m,en_fas_a,5,0,661.5568603515625
en_50m,en_fas_a,5,1,790.9724322509766
en_50m,en_fas_a,5,2,457.37820220947265
en_50m,en_fas_a,5,3,500.51478271484376
en_50m,en_fas_a,5,4,459.62669189453123
en_50m,en_fas_a,5,5,391.00805725097655
en_50m,en_fas_a,5,6,407.38536651611327
en_50m,en_fas_a,5,7,1391.3705596923828
en_50m,en_fas_a,5,8,414.6507913208008
en_50m,en_fas_a,5,9,1595.4705694580077
en_50m,en_fas_a,5,10,605.6026818847656
en_50m,en_fas_a,5,11,1022.5121676635742
en_50m,en_fas_a,6,0,669.1942370605469
en_50m,en_fas_a,6,1,811.5252563476563
en_50m,en_fas_a,6,2,454.9493368530273
en_50m,en_fas_a,6,3,511.90873077392575
en_50m,en_fas_a,6,4,478.8835766601562
en_50m,en_fas_a,6,5,410.281374206543
en_50m,en_fas_a,6,6,417.091921081543
en_50m,en_fas_a,6,7,1308.8312841796876
en_50m,en_fas_a,6,8,423.8295910644531
en_50m,en_fas_a,6,9,1514.1756970214844
en_50m,en_fas_a,6,10,609.328544921875
en_50m,en_fas_a,6,11,958.6537548828124
en_50m,en_fr_a,4,0,661.6311587524414
en_50m,en_fr_a,4,1,493.8209344482422
en_50m,en_fr_a,4,2,395.4999127197266
en_50m,en_fr_a,4,3,541.9974380493164
en_50m,en_fr_a,4,4,436.1020883178711
en_50m,en_fr_a,4,5,953.0053137207032
en_50m,en_fr_a,4,6,442.11460052490236
en_50m,en_fr_a,4,7,482.505817565918
en_50m,en_fr_a,4,8,749.547946472168
en_50m,en_fr_a,4,9,356.76923736572263
en_50m,en_fr_a,4,10,313.4351965332031
en_50m,en_fr_a,4,11,375.64386688232423
en_50m,en_fr_a,5,0,658.4757516479492
en_50m,en_fr_a,5,1,505.5090817260742
en_50m,en_fr_a,5,2,393.3009780883789
en_50m,en_fr_a,5,3,555.762066040039
en_50m,en_fr_a,5,4,438.0166946411133
en_50m,en_fr_a,5,5,985.0415567016602
en_50m,en_fr_a,5,6,458.9995391845703
en_50m,en_fr_a,5,7,492.840524597168
en_50m,en_fr_a,5,8,812.1432693481445
en_50m,en_fr_a,5,9,371.82508087158203
en_50m,en_fr_a,5,10,311.8893588256836
en_50m,en_fr_a,5,11,380.1126409912109
en_50m,en_fr_a,6,0,659.8118713378906
en_50m,en_fr_a,6,1,517.6218679809571
en_50m,en_fr_a,6,2,391.11664794921876
en_50m,en_fr_a,6,3,542.2088705444336
en_50m,en_fr_a,6,4,435.0561193847656
en_50m,en_fr_a,6,5,1019.1587527465821
en_50m,en_fr_a,6,6,460.0184057617187
en_50m,en_fr_a,6,7,499.8070428466797
en_50m,en_fr_a,6,8,834.8254302978515
en_50m,en_fr_a,6,9,371.27891143798826
en_50m,en_fr_a,6,10,304.66137451171875
en_50m,en_fr_a,6,11,386.4999523925781
en_50m,en_ind_a,4,0,660.3268865966797
en_50m,en_ind_a,4,1,480.83162689208984
en_50m,en_ind_a,4,2,549.1084951782227
en_50m,en_ind_a,4,3,423.15679138183594
en_50m,en_ind_a,4,4,569.4283865356446
en_50m,en_ind_a,4,5,923.6698107910156
en_50m,en_ind_a,4,6,409.16282135009766
en_50m,en_ind_a,4,7,512.8622259521485
en_50m,en_ind_a,4,8,458.2410620117187
en_50m,en_ind_a,4,9,359.7414569091797
en_50m,en_ind_a,4,10,492.9863592529297
en_50m,en_ind_a,4,11,480.0227767944336
en_50m,en_ind_a,5,0,653.2372299194336
en_50m,en_ind_a,5,1,479.8591595458984
en_50m,en_ind_a,5,2,551.3103253173828
en_50m,en_ind_a,5,3,424.5117184448242
en_50m,en_ind_a,5,4,588.8764544677734
en_50m,en_ind_a,5,5,947.7451898193359
en_50m,en_ind_a,5,6,402.58290283203127
en_50m,en_ind_a,5,7,522.946393737793
en_50m,en_ind_a,5,8,466.10156097412107
en_50m,en_ind_a,5,9,364.4482666015625
en_50m,en_ind_a,5,10,504.85306671142575
en_50m,en_ind_a,5,11,485.81736419677736
en_50m,en_ind_a,6,0,676.264684753418
en_50m,en_ind_a,6,1,491.395830078125
en_50m,en_ind_a,6,2,549.3340347290039
en_50m,en_ind_a,6,3,446.1564532470703
en_50m,en_ind_a,6,4,616.3594445800782
en_50m,en_ind_a,6,5,995.7393139648437
en_50m,en_ind_a,6,6,403.36242919921875
en_50m,en_ind_a,6,7,549.399055480957
en_50m,en_ind_a,6,8,466.65232360839843
en_50m,en_ind_a,6,9,371.39653411865237
en_50m,en_ind_a,6,10,518.3398782348632
en_50m,en_ind_a,6,11,512.4099838256836
en_50m,en_nld_a,4,0,773.7530499267579
en_50m,en_nld_a,4,1,551.2202587890625
en_50m,en_nld_a,4,2,406.7413079833984
en_50m,en_nld_a,4,3,489.56468292236326
en_50m,en_nld_a,4,4,501.5042608642578
en_50m,en_nld_a,4,5,458.74226745605466
en_50m,en_nld_a,4,6,414.5913772583008
en_50m,en_nld_a,4,7,498.6749398803711
en_50m,en_nld_a,4,8,1449.1038598632813
en_50m,en_nld_a,4,9,493.6327426147461
en_50m,en_nld_a,4,10,524.2558694458007
en_50m,en_nld_a,4,11,471.5045672607422
en_50m,en_nld_a,5,0,764.3911294555664
en_50m,en_nld_a,5,1,547.4291513061523
en_50m,en_nld_a,5,2,394.91851318359375
en_50m,en_nld_a,5,3,484.8831948852539
en_50m,en_nld_a,5,4,496.7633346557617
en_50m,en_nld_a,5,5,460.8864743041992
en_50m,en_nld_a,5,6,424.32490325927733
en_50m,en_nld_a,5,7,498.75071044921873
en_50m,en_nld_a,5,8,1528.9029821777344
en_50m,en_nld_a,5,9,483.70061859130857
en_50m,en_nld_a,5,10,518.0487133789062
en_50m,en_nld_a,5,11,468.74084320068357
en_50m,en_nld_a,6,0,762.941845703125
en_50m,en_nld_a,6,1,544.8145108032227
en_50m,en_nld_a,6,2,383.95816711425783
en_50m,en_nld_a,6,3,480.3716732788086
en_50m,en_nld_a,6,4,502.51069580078126
en_50m,en_nld_a,6,5,450.6601641845703
en_50m,en_nld_a,6,6,436.1236990356445
en_50m,en_nld_a,6,7,515.8166522216796
en_50m,en_nld_a,6,8,1496.365670776367
en_50m,en_nld_a,6,9,495.0755822753906
en_50m,en_nld_a,6,10,518.2104364013671
en_50m,en_nld_a,6,11,470.2126461791992
en_50m,en_ukr_a,4,0,971.4919674682617
en_50m,en_ukr_a,4,1,1326.9550476074219
en_50m,en_ukr_a,4,2,521.9922036743164
en_50m,en_ukr_a,4,3,356.2290280151367
en_50m,en_ukr_a,4,4,645.1775024414062
en_50m,en_ukr_a,4,5,388.70274841308594
en_50m,en_ukr_a,4,6,399.5645428466797
en_50m,en_ukr_a,4,7,614.0282415771485
en_50m,en_ukr_a,4,8,405.4092956542969
en_50m,en_ukr_a,4,9,333.8401770019531
en_50m,en_ukr_a,4,10,354.2884817504883
en_50m,en_ukr_a,4,11,522.1674719238281
en_50m,en_ukr_a,5,0,988.6810586547851
en_50m,en_ukr_a,5,1,1406.7360385131835
en_50m,en_ukr_a,5,2,511.4107965087891
en_50m,en_ukr_a,5,3,365.16339599609375
en_50m,en_ukr_a,5,4,648.5515524291992
en_50m,en_ukr_a,5,5,398.00779205322266
en_50m,en_ukr_a,5,6,415.0160028076172
en_50m,en_ukr_a,5,7,606.4840267944336
en_50m,en_ukr_a,5,8,402.1776983642578
en_50m,en_ukr_a,5,9,321.9123065185547
en_50m,en_ukr_a,5,10,358.8908999633789
en_50m,en_ukr_a,5,11,523.5351596069336
en_50m,en_ukr_a,6,0,982.8155661010742
en_50m,en_ukr_a,6,1,1364.499679260254
en_50m,en_ukr_a,6,2,513.5136514282226
en_50m,en_ukr_a,6,3,380.8004049682617
en_50m,en_ukr_a,6,4,624.2698962402344
en_50m,en_ukr_a,6,5,415.93566131591797
en_50m,en_ukr_a,6,6,418.03857482910155
en_50m,en_ukr_a,6,7,594.7715881347656
en_50m,en_ukr_a,6,8,405.62527740478515
en_50m,en_ukr_a,6,9,317.9446124267578
en_50m,en_ukr_a,6,10,378.9583218383789
en_50m,en_ukr_a,6,11,525.1612600708008
en_50m,en_zh_a,4,0,728.5265710449219
en_50m,en_zh_a,4,1,691.4895050048829
en_50m,en_zh_a,4,2,563.5162353515625
en_50m,en_zh_a,4,3,678.8176892089843
en_50m,en_zh_a,4,4,595.6186462402344
en_50m,en_zh_a,4,5,1101.2125311279297
en_50m,en_zh_a,4,6,627.9684149169922
en_50m,en_zh_a,4,7,1031.8304376220703
en_50m,en_zh_a,4,8,1045.8535919189453
en_50m,en_zh_a,4,9,653.8028424072265
en_50m,en_zh_a,4,10,556.9442156982421
en_50m,en_zh_a,4,11,1049.459750366211
en_50m,en_zh_a,5,0,720.952993774414
en_50m,en_zh_a,5,1,701.6689266967774
en_50m,en_zh_a,5,2,563.7889270019531
en_50m,en_zh_a,5,3,676.4827398681641
en_50m,en_zh_a,5,4,583.4659918212891
en_50m,en_zh_a,5,5,1117.3095867919922
en_50m,en_zh_a,5,6,617.8518920898438
en_50m,en_zh_a,5,7,993.0971942138672
en_50m,en_zh_a,5,8,1012.5861270141602
en_50m,en_zh_a,5,9,667.2119909667969
en_50m,en_zh_a,5,10,533.0213732910156
en_50m,en_zh_a,5,11,1084.773385620117
en_50m,en_zh_a,6,0,729.3513793945312
en_50m,en_zh_a,6,1,693.9229016113281
en_50m,en_zh_a,6,2,546.3599606323243
en_50m,en_zh_a,6,3,679.1109674072266
en_50m,en_zh_a,6,4,597.1598150634766
en_50m,en_zh_a,6,5,1122.3072802734375
en_50m,en_zh_a,6,6,618.2436676025391
en_50m,en_zh_a,6,7,1000.6277569580078
en_50m,en_zh_a,6,8,1030.3048852539061
en_50m,en_zh_a,6,9,637.6052642822266
en_50m,en_zh_a,6,10,522.1049920654297
en_50m,en_zh_a,6,11,1081.152724609375
en_100m,en_bul_a,4,0,1497.21345703125
en_100m,en_bul_a,4,1,856.3909417724609
en_100m,en_bul_a,4,2,747.6972637939454
en_100m,en_bul_a,4,3,711.763667602539
en_100m,en_bul_a,4,4,866.7588568115234
en_100m,en_bul_a,4,5,827.1560418701172
en_100m,en_bul_a,4,6,628.0168395996094
en_100m,en_bul_a,4,7,632.912113647461
en_100m,en_bul_a,4,8,761.6207141113281
en_100m,en_bul_a,4,9,673.0227227783203
en_100m,en_bul_a,4,10,730.4901971435547
en_100m,en_bul_a,4,11,732.7708587646484
en_100m,en_bul_a,5,0,1609.2486279296875
en_100m,en_bul_a,5,1,896.0364520263672
en_100m,en_bul_a,5,2,805.1057305908203
en_100m,en_bul_a,5,3,755.2503210449219
en_100m,en_bul_a,5,4,926.9351647949219
en_100m,en_bul_a,5,5,876.5407403564453
en_100m,en_bul_a,5,6,654.406029663086
en_100m,en_bul_a,5,7,667.901181640625
en_100m,en_bul_a,5,8,787.7731085205078
en_100m,en_bul_a,5,9,714.1698834228515
en_100m,en_bul_a,5,10,766.1713946533204
en_100m,en_bul_a,5,11,785.1075817871093
en_100m,en_bul_a,6,0,1703.545252685547
en_100m,en_bul_a,6,1,915.3149890136718
en_100m,en_bul_a,6,2,844.1134606933593
en_100m,en_bul_a,6,3,772.7053930664063
en_100m,en_bul_a,6,4,939.0107080078125
en_100m,en_bul_a,6,5,897.9223883056641
en_100m,en_bul_a,6,6,683.0039685058593
en_100m,en_bul_a,6,7,675.2759814453125
en_100m,en_bul_a,6,8,822.3638287353516
en_100m,en_bul_a,6,9,701.0302825927735
en_100m,en_bul_a,6,10,779.4208996582031
en_100m,en_bul_a,6,11,786.6474267578125
en_100m,en_deu_a,4,0,1252.0211486816406
en_100m,en_deu_a,4,1,878.1641790771484
en_100m,en_deu_a,4,2,724.0987115478515
en_100m,en_deu_a,4,3,627.2176892089843
en_100m,en_deu_a,4,4,895.2691125488282
en_100m,en_deu_a,4,5,710.8026818847657
en_100m,en_deu_a,4,6,609.4778546142578
en_100m,en_deu_a,4,7,586.4954895019531
en_100m,en_deu_a,4,8,935.1292102050782
en_100m,en_deu_a,4,9,617.7652313232422
en_100m,en_deu_a,4,10,697.2446398925781
en_100m,en_deu_a,4,11,958.2988146972656
en_100m,en_deu_a,5,0,1337.452855834961
en_100m,en_deu_a,5,1,898.2407379150391
en_100m,en_deu_a,5,2,757.4910083007812
en_100m,en_deu_a,5,3,649.9187713623047
en_100m,en_deu_a,5,4,940.4639074707031
en_100m,en_deu_a,5,5,747.623618774414
en_100m,en_deu_a,5,6,624.8720294189453
en_100m,en_deu_a,5,7,601.8773034667969
en_100m,en_deu_a,5,8,972.1207000732422
en_100m,en_deu_a,5,9,640.8855639648438
en_100m,en_deu_a,5,10,723.5188470458984
en_100m,en_deu_a,5,11,1016.0663201904297
en_100m,en_deu_a,6,0,1398.9069622802735
en_100m,en_deu_a,6,1,918.2958862304688
en_100m,en_deu_a,6,2,798.9102551269531
en_100m,en_deu_a,6,3,691.0506994628906
en_100m,en_deu_a,6,4,978.5403076171875
en_100m,en_deu_a,6,5,808.568363647461
en_100m,en_deu_a,6,6,649.7484649658203
en_100m,en_deu_a,6,7,630.2683123779296
en_100m,en_deu_a,6,8,1037.1698522949218
en_100m,en_deu_a,6,9,680.8789459228516
en_100m,en_deu_a,6,10,766.6050207519531
en_100m,en_deu_a,6,11,1088.4340173339845
en_100m,en_fas_a,4,0,1259.5907360839844
en_100m,en_fas_a,4,1,916.4618414306641
en_100m,en_fas_a,4,2,716.8595330810547
en_100m,en_fas_a,4,3,703.2317053222656
en_100m,en_fas_a,4,4,733.6488275146485
en_100m,en_fas_a,4,5,557.1610223388672
en_100m,en_fas_a,4,6,651.4323599243164
en_100m,en_fas_a,4,7,1452.5583715820312
en_100m,en_fas_a,4,8,743.6526318359375
en_100m,en_fas_a,4,9,1709.5958312988282
en_100m,en_fas_a,4,10,836.1625323486328
en_100m,en_fas_a,4,11,1181.1240698242189
en_100m,en_fas_a,5,0,1328.4544494628906
en_100m,en_fas_a,5,1,940.1595251464844
en_100m,en_fas_a,5,2,735.6759338378906
en_100m,en_fas_a,5,3,692.7076574707031
en_100m,en_fas_a,5,4,767.5968145751954
en_100m,en_fas_a,5,5,555.5411169433594
en_100m,en_fas_a,5,6,660.7896231079102
en_100m,en_fas_a,5,7,1431.2623699951173
en_100m,en_fas_a,5,8,753.5685882568359
en_100m,en_fas_a,5,9,1728.1455395507812
en_100m,en_fas_a,5,10,806.7355737304688
en_100m,en_fas_a,5,11,1165.0524353027345
en_100m,en_fas_a,6,0,1377.1510369873047
en_100m,en_fas_a,6,1,974.9394354248047
en_100m,en_fas_a,6,2,791.0545361328125
en_100m,en_fas_a,6,3,728.0716766357422
en_100m,en_fas_a,6,4,802.6840472412109
en_100m,en_fas_a,6,5,605.6561218261719
en_100m,en_fas_a,6,6,685.0063647460937
en_100m,en_fas_a,6,7,1354.741411743164
en_100m,en_fas_a,6,8,800.3751489257812
en_100m,en_fas_a,6,9,1642.97267578125
en_100m,en_fas_a,6,10,821.7652191162109
en_100m,en_fas_a,6,11,1118.8786389160157
en_100m,en_fr_a,4,0,1184.2038665771483
en_100m,en_fr_a,4,1,714.8130072021485
en_100m,en_fr_a,4,2,645.926226196289
en_100m,en_fr_a,4,3,686.3802288818359
en_100m,en_fr_a,4,4,703.7478271484375
en_100m,en_fr_a,4,5,991.5344863891602
en_100m,en_fr_a,4,6,606.2024145507812
en_100m,en_fr_a,4,7,551.1906826782226
en_100m,en_fr_a,4,8,932.3449560546875
en_100m,en_fr_a,4,9,532.5754788208008
en_100m,en_fr_a,4,10,609.0153393554688
en_100m,en_fr_a,4,11,539.1479626464844
en_100m,en_fr_a,5,0,1262.5529467773438
en_100m,en_fr_a,5,1,736.4517083740234
en_100m,en_fr_a,5,2,683.877724609375
en_100m,en_fr_a,5,3,698.7893609619141
en_100m,en_fr_a,5,4,739.225419921875
en_100m,en_fr_a,5,5,1027.5473864746093
en_100m,en_fr_a,5,6,624.1334918212891
en_100m,en_fr_a,5,7,554.9295727539062
en_100m,en_fr_a,5,8,987.2751971435547
en_100m,en_fr_a,5,9,538.967433166504
en_100m,en_fr_a,5,10,620.588583984375
en_100m,en_fr_a,5,11,547.2841943359375
en_100m,en_fr_a,6,0,1311.9393127441406
en_100m,en_fr_a,6,1,774.267836303711
en_100m,en_fr_a,6,2,718.1283435058593
en_100m,en_fr_a,6,3,719.964560546875
en_100m,en_fr_a,6,4,752.3845025634765
en_100m,en_fr_a,6,5,1071.7907147216797
en_100m,en_fr_a,6,6,636.4314166259766
en_100m,en_fr_a,6,7,578.6298455810547
en_100m,en_fr_a,6,8,1034.8628497314453
en_100m,en_fr_a,6,9,564.4890057373046
en_100m,en_fr_a,6,10,641.9212469482422
en_100m,en_fr_a,6,11,573.60333984375
en_100m,en_ind_a,4,0,1187.0009661865233
en_100m,en_ind_a,4,1,760.03802734375
en_100m,en_ind_a,4,2,628.3180181884766
en_100m,en_ind_a,4,3,564.4306951904297
en_100m,en_ind_a,4,4,705.6379443359375
en_100m,en_ind_a,4,5,916.9311303710938
en_100m,en_ind_a,4,6,604.5995568847657
en_100m,en_ind_a,4,7,546.9001586914062
en_100m,en_ind_a,4,8,711.8151068115235
en_100m,en_ind_a,4,9,598.7059057617188
en_100m,en_ind_a,4,10,654.486000366211
en_100m,en_ind_a,4,11,552.790424194336
en_100m,en_ind_a,5,0,1246.825453491211
en_100m,en_ind_a,5,1,767.3188995361328
en_100m,en_ind_a,5,2,649.8412451171876
en_100m,en_ind_a,5,3,575.8993920898438
en_100m,en_ind_a,5,4,745.2013958740234
en_100m,en_ind_a,5,5,936.5854119873047
en_100m,en_ind_a,5,6,603.6644885253907
en_100m,en_ind_a,5,7,538.26505859375
en_100m,en_ind_a,5,8,716.0933343505859
en_100m,en_ind_a,5,9,598.6169506835937
en_100m,en_ind_a,5,10,663.10236328125
en_100m,en_ind_a,5,11,565.6754162597656
en_100m,en_ind_a,6,0,1294.5061865234375
en_100m,en_ind_a,6,1,797.1651342773438
en_100m,en_ind_a,6,2,692.364404296875
en_100m,en_ind_a,6,3,619.7312750244141
en_100m,en_ind_a,6,4,788.9842999267578
en_100m,en_ind_a,6,5,982.4460302734375
en_100m,en_ind_a,6,6,619.7466680908203
en_100m,en_ind_a,6,7,566.7415521240234
en_100m,en_ind_a,6,8,746.7420178222657
en_100m,en_ind_a,6,9,622.5594641113281
en_100m,en_ind_a,6,10,683.3953076171875
en_100m,en_ind_a,6,11,608.9840850830078
en_100m,en_nld_a,4,0,1215.6739453125
en_100m,en_nld_a,4,1,829.649447631836
en_100m,en_nld_a,4,2,689.0450170898438
en_100m,en_nld_a,4,3,669.9462359619141
en_100m,en_nld_a,4,4,737.4470471191406
en_100m,en_nld_a,4,5,580.7842980957031
en_100m,en_nld_a,4,6,608.2577062988281
en_100m,en_nld_a,4,7,591.69236328125
en_100m,en_nld_a,4,8,1517.509135131836
en_100m,en_nld_a,4,9,629.8948071289062
en_100m,en_nld_a,4,10,688.3520111083984
en_100m,en_nld_a,4,11,609.6297961425781
en_100m,en_nld_a,5,0,1284.1820239257813
en_100m,en_nld_a,5,1,841.4613159179687
en_100m,en_nld_a,5,2,720.7353521728515
en_100m,en_nld_a,5,3,675.6086529541016
en_100m,en_nld_a,5,4,764.719642944336
en_100m,en_nld_a,5,5,596.6105450439453
en_100m,en_nld_a,5,6,625.8948608398438
en_100m,en_nld_a,5,7,595.0127716064453
en_100m,en_nld_a,5,8,1595.739196166992
en_100m,en_nld_a,5,9,629.3424847412109
en_100m,en_nld_a,5,10,689.8055920410156
en_100m,en_nld_a,5,11,615.4186712646484
en_100m,en_nld_a,6,0,1320.5546783447267
en_100m,en_nld_a,6,1,862.3555944824219
en_100m,en_nld_a,6,2,751.6070166015625
en_100m,en_nld_a,6,3,691.0587561035156
en_100m,en_nld_a,6,4,774.0192797851563
en_100m,en_nld_a,6,5,613.3288775634766
en_100m,en_nld_a,6,6,631.2266693115234
en_100m,en_nld_a,6,7,604.8782385253907
en_100m,en_nld_a,6,8,1580.2707214355469
en_100m,en_nld_a,6,9,650.9461419677734
en_100m,en_nld_a,6,10,694.8157470703125
en_100m,en_nld_a,6,11,625.4976806640625
en_100m,en_ukr_a,4,0,1422.7691729736327
en_100m,en_ukr_a,4,1,1478.507587890625
en_100m,en_ukr_a,4,2,692.6151080322265
en_100m,en_ukr_a,4,3,581.5586096191406
en_100m,en_ukr_a,4,4,777.371431274414
en_100m,en_ukr_a,4,5,543.2657025146484
en_100m,en_ukr_a,4,6,626.6396752929687
en_100m,en_ukr_a,4,7,702.4393859863281
en_100m,en_ukr_a,4,8,712.5560797119141
en_100m,en_ukr_a,4,9,563.5379516601563
en_100m,en_ukr_a,4,10,615.663099975586
en_100m,en_ukr_a,4,11,676.2051208496093
en_100m,en_ukr_a,5,0,1498.934501953125
en_100m,en_ukr_a,5,1,1550.2345666503907
en_100m,en_ukr_a,5,2,707.5461450195312
en_100m,en_ukr_a,5,3,606.0037615966797
en_100m,en_ukr_a,5,4,808.0708636474609
en_100m,en_ukr_a,5,5,565.5008032226563
en_100m,en_ukr_a,5,6,648.0763671875
en_100m,en_ukr_a,5,7,701.2105224609375
en_100m,en_ukr_a,5,8,734.2254656982421
en_100m,en_ukr_a,5,9,573.819130859375
en_100m,en_ukr_a,5,10,637.2379565429687
en_100m,en_ukr_a,5,11,691.6426831054688
en_100m,en_ukr_a,6,0,1549.643790283203
en_100m,en_ukr_a,6,1,1528.2129138183593
en_100m,en_ukr_a,6,2,740.4936975097656
en_100m,en_ukr_a,6,3,650.3403723144531
en_100m,en_ukr_a,6,4,818.0468365478515
en_100m,en_ukr_a,6,5,608.980806274414
en_100m,en_ukr_a,6,6,677.1538092041015
en_100m,en_ukr_a,6,7,698.856767578125
en_100m,en_ukr_a,6,8,761.6682952880859
en_100m,en_ukr_a,6,9,588.5293798828125
en_100m,en_ukr_a,6,10,660.5728985595703
en_100m,en_ukr_a,6,11,711.5418383789063
en_100m,en_zh_a,4,0,1248.5850866699218
en_100m,en_zh_a,4,1,883.6907934570313
en_100m,en_zh_a,4,2,708.5154827880859
en_100m,en_zh_a,4,3,815.9815692138671
en_100m,en_zh_a,4,4,753.4334002685547
en_100m,en_zh_a,4,5,1104.3943237304688
en_100m,en_zh_a,4,6,695.6067413330078
en_100m,en_zh_a,4,7,1058.7878491210938
en_100m,en_zh_a,4,8,1170.3536633300782
en_100m,en_zh_a,4,9,749.422232055664
en_100m,en_zh_a,4,10,709.4927008056641
en_100m,en_zh_a,4,11,1103.273773803711
en_100m,en_zh_a,5,0,1318.6526007080079
en_100m,en_zh_a,5,1,899.5544787597656
en_100m,en_zh_a,5,2,737.7620111083984
en_100m,en_zh_a,5,3,827.7418353271485
en_100m,en_zh_a,5,4,778.9752429199219
en_100m,en_zh_a,5,5,1108.8096954345704
en_100m,en_zh_a,5,6,677.2857116699219
en_100m,en_zh_a,5,7,1019.9361834716797
en_100m,en_zh_a,5,8,1118.957108154297
en_100m,en_zh_a,5,9,745.3675238037109
en_100m,en_zh_a,5,10,699.9003186035156
en_100m,en_zh_a,5,11,1131.7439471435546
en_100m,en_zh_a,6,0,1361.1930218505859
en_100m,en_zh_a,6,1,897.9199621582031
en_100m,en_zh_a,6,2,776.3402465820312
en_100m,en_zh_a,6,3,866.0347943115235
en_100m,en_zh_a,6,4,803.5508282470703
en_100m,en_zh_a,6,5,1127.167622680664
en_100m,en_zh_a,6,6,694.5236840820312
en_100m,en_zh_a,6,7,1026.3126354980468
en_100m,en_zh_a,6,8,1145.1417291259766
en_100m,en_zh_a,6,9,741.7342370605469
en_100m,en_zh_a,6,10,716.5984747314453
en_100m,en_zh_a,6,11,1135.7584704589844
