repr_type,baseline,family,quality_tier,n_words,mean_delta_jaccard,median_delta_jaccard,wilcoxon_stat,p_value
embedding_matrix,en_50m,en_bul,all,1000,-0.01669994903577544,0.0,95172.5,5.392686273229287e-09
embedding_matrix,en_50m,en_bul,high,717,-0.019873327235529762,0.0,41396.0,5.036717815552413e-10
embedding_matrix,en_50m,en_bul,medium,192,-0.0066924233707537735,0.0,4907.0,0.37035318000743134
embedding_matrix,en_50m,en_bul,low,91,-0.012811298029844827,0.0,1213.5,0.4513044979401224
embedding_matrix,en_50m,en_deu,all,1000,-0.006274220657019855,0.0,105511.0,0.01774524890479184
embedding_matrix,en_50m,en_deu,high,666,-0.007810318295151809,0.0,44458.5,0.010209596120639259
embedding_matrix,en_50m,en_deu,medium,242,-0.0007421819058564713,0.0,6756.5,0.9888638803652563
embedding_matrix,en_50m,en_deu,low,92,-0.009705876643820468,0.0,1019.0,0.34665368947356257
embedding_matrix,en_50m,en_fas,all,1000,0.0136083560197394,0.0,100271.0,1.5982767769061413e-06
embedding_matrix,en_50m,en_fas,high,696,0.01256719225085996,0.0,49015.0,0.00022901813611289555
embedding_matrix,en_50m,en_fas,medium,249,0.01759213384363816,0.0,5912.5,0.0028588830817181123
embedding_matrix,en_50m,en_fas,low,55,0.008748161564999371,0.0,359.0,0.35410370578826866
embedding_matrix,en_50m,en_fr,all,1000,-0.005620799101845062,0.0,94878.5,0.03137825200927746
embedding_matrix,en_50m,en_fr,high,658,-0.008275433244431791,0.0,40385.5,0.01401784333933371
embedding_matrix,en_50m,en_fr,medium,227,0.0034512773278117075,0.0,4837.0,0.8384435278652598
embedding_matrix,en_50m,en_fr,low,115,-0.008339165047149578,0.0,1312.0,0.4342505566230065
embedding_matrix,en_50m,en_ind,all,1000,0.007149461911788961,0.0,97650.0,0.0005058476375206729
embedding_matrix,en_50m,en_ind,high,599,0.010857238487892294,0.0,33479.5,0.00017935650968822937
embedding_matrix,en_50m,en_ind,medium,262,0.0017907966099182384,0.0,7308.5,0.4053313869671622
embedding_matrix,en_50m,en_ind,low,139,0.0012718514082223117,0.0,1961.5,0.7292623510215872
embedding_matrix,en_50m,en_nld,all,1000,0.004059746673576332,0.0,105109.5,0.06698407675205552
embedding_matrix,en_50m,en_nld,high,583,0.002651170042840984,0.0,38499.5,0.3903910400078586
embedding_matrix,en_50m,en_nld,medium,270,0.005431059567456916,0.0,6575.5,0.11908712883985076
embedding_matrix,en_50m,en_nld,low,147,0.007127404458412737,0.0,2172.0,0.22479345295801034
embedding_matrix,en_50m,en_ukr,all,1000,0.022716817455775924,0.0,88239.5,4.891060431094383e-15
embedding_matrix,en_50m,en_ukr,high,695,0.024534605860136838,0.0,38283.0,2.658895645466563e-13
embedding_matrix,en_50m,en_ukr,medium,210,0.017743400947735653,0.0,4789.0,0.002435365851668322
embedding_matrix,en_50m,en_ukr,low,95,0.020412128252171917,0.0,1025.0,0.2029727259650601
embedding_matrix,en_50m,en_zh,all,1000,-0.0002505628336125989,0.0,118423.5,0.9870713902797016
embedding_matrix,en_50m,en_zh,high,529,-0.00020400381363538294,0.0,31202.5,0.9841962590720817
embedding_matrix,en_50m,en_zh,medium,312,-0.0015231314755400314,0.0,12200.5,0.9455388473041557
embedding_matrix,en_50m,en_zh,low,159,0.0020916490828239583,0.0,3272.0,0.9875918776974847
embedding_matrix,en_100m,en_bul,all,1000,-0.014281790351511153,0.0,99973.0,2.9806282593748483e-07
embedding_matrix,en_100m,en_bul,high,717,-0.014523762024477097,0.0,50101.0,4.5572965927943194e-06
embedding_matrix,en_100m,en_bul,medium,192,-0.011381440477372046,0.0,4052.0,0.08736153298132744
embedding_matrix,en_100m,en_bul,low,91,-0.01849468580555652,0.0,813.0,0.06165333162872278
embedding_matrix,en_100m,en_deu,all,1000,0.005467737452176126,0.0,106833.5,0.004487675033581232
embedding_matrix,en_100m,en_deu,high,666,0.0068510953146714345,0.0,43954.0,0.005977110681350852
embedding_matrix,en_100m,en_deu,medium,242,0.00842573100778308,0.0,6677.5,0.07898677134880724
embedding_matrix,en_100m,en_deu,low,92,-0.012327379687810398,0.0,984.5,0.33424012137780457
embedding_matrix,en_100m,en_fas,all,1000,0.017573100009514814,0.0,89608.5,3.3159923355748384e-10
embedding_matrix,en_100m,en_fas,high,696,0.01679709599524921,0.0,42144.5,1.5293448790390415e-07
embedding_matrix,en_100m,en_fas,medium,249,0.02187488153751336,0.0,5412.5,0.000652426433497397
embedding_matrix,en_100m,en_fas,low,55,0.007917739890555187,0.0,434.0,0.3458736867785812
embedding_matrix,en_100m,en_fr,all,1000,-0.0024483068734510757,0.0,101845.5,0.37396163943970995
embedding_matrix,en_100m,en_fr,high,658,-0.005175550417473062,0.0,42532.0,0.1205983291365146
embedding_matrix,en_100m,en_fr,medium,227,0.008145352178553491,0.0,4731.5,0.13459981589792133
embedding_matrix,en_100m,en_fr,low,115,-0.00775469255030821,0.0,1129.0,0.2990951019097847
embedding_matrix,en_100m,en_ind,all,1000,0.010456175157246577,0.0,89741.0,6.181238751480762e-06
embedding_matrix,en_100m,en_ind,high,599,0.01021183626172802,0.0,32316.5,0.00033725855656625354
embedding_matrix,en_100m,en_ind,medium,262,0.00828942251365461,0.0,6391.0,0.1090195019741371
embedding_matrix,en_100m,en_ind,low,139,0.015593212502834427,0.0,1579.0,0.009255534076091632
embedding_matrix,en_100m,en_nld,all,1000,0.014075933734511355,0.0,84305.5,3.0646460806464488e-09
embedding_matrix,en_100m,en_nld,high,583,0.014412812228251748,0.0,28182.0,1.4988927352653913e-06
embedding_matrix,en_100m,en_nld,medium,270,0.014785627215772727,0.0,6326.5,0.002539890193076363
embedding_matrix,en_100m,en_nld,low,147,0.01143635957266632,0.0,1912.0,0.0945417741366869
embedding_matrix,en_100m,en_ukr,all,1000,0.03150042563193104,0.0,69781.5,2.4369753480571666e-27
embedding_matrix,en_100m,en_ukr,high,695,0.03201752339862948,0.0,31585.0,1.2936614203606168e-20
embedding_matrix,en_100m,en_ukr,medium,210,0.031812344451320786,0.010204081632653017,3243.5,5.573756973097072e-07
embedding_matrix,en_100m,en_ukr,low,95,0.027027942474801937,0.021258503401360596,876.0,0.009087412968456542
embedding_matrix,en_100m,en_zh,all,1000,-0.003229415833766942,0.0,112431.5,0.2705875488460353
embedding_matrix,en_100m,en_zh,high,529,-0.004397915252533028,0.0,28790.0,0.2014810918265203
embedding_matrix,en_100m,en_zh,medium,312,-0.0016892006566157818,0.0,12234.5,0.9740096863060698
embedding_matrix,en_100m,en_zh,low,159,-0.002364075851024184,0.0,3063.5,0.6528315561709521
pre_lmhead_contextual,en_50m,en_bul,all,1000,-0.014273635858712093,0.0,139883.5,1.7497195929692526e-05
pre_lmhead_contextual,en_50m,en_bul,high,717,-0.019992387515027885,0.0,63795.0,4.078089524282572e-07
pre_lmhead_contextual,en_50m,en_bul,medium,192,0.0033411364366384582,0.0,6303.0,0.617634190908632
pre_lmhead_contextual,en_50m,en_bul,low,91,-0.006380134134853675,-0.021258503401360596,1444.0,0.39855835886487423
pre_lmhead_contextual,en_50m,en_deu,all,1000,-0.015927558361798305,0.0,114875.0,1.0859129076641585e-09
pre_lmhead_contextual,en_50m,en_deu,high,666,-0.017229432094387653,0.0,48521.0,8.181179260997565e-08
pre_lmhead_contextual,en_50m,en_deu,medium,242,-0.012390387528237536,0.0,7207.0,0.01871022558537549
pre_lmhead_contextual,en_50m,en_deu,low,92,-0.01580742179459392,-0.010629251700680298,1175.0,0.06865515502345156
pre_lmhead_contextual,en_50m,en_fas,all,1000,-0.002383608451365003,0.0,163408.5,0.5076270538874393
pre_lmhead_contextual,en_50m,en_fas,high,696,-0.0067336448224072955,0.0,71811.0,0.06797083057976462
pre_lmhead_contextual,en_50m,en_fas,medium,249,0.00797943088420998,0.0,9741.5,0.19489501415357413
pre_lmhead_contextual,en_50m,en_fas,low,55,0.005747819179312564,0.021258503401360596,557.5,0.43992446606831104
pre_lmhead_contextual,en_50m,en_fr,all,1000,0.0023311730000296327,0.0,159908.5,0.7734068563117641
pre_lmhead_contextual,en_50m,en_fr,high,658,0.007513831314851907,0.0,62387.0,0.07643088239724571
pre_lmhead_contextual,en_50m,en_fr,medium,227,0.0006461974672620825,0.0,8112.5,0.6702647773513917
pre_lmhead_contextual,en_50m,en_fr,low,115,-0.02399665069749056,-0.020408163265306034,1624.0,0.004504977048914045
pre_lmhead_contextual,en_50m,en_ind,all,1000,0.006881768381753917,0.0,153529.5,0.07521614116859414
pre_lmhead_contextual,en_50m,en_ind,high,599,0.00858591640350092,0.0,52236.0,0.043113765907413754
pre_lmhead_contextual,en_50m,en_ind,medium,262,0.00976111124856142,0.0,10295.5,0.15001308847247027
pre_lmhead_contextual,en_50m,en_ind,low,139,-0.005889256770260618,0.0,2822.5,0.15259790460001008
pre_lmhead_contextual,en_50m,en_nld,all,1000,0.005094601483667779,0.0,146869.0,0.24529041314208888
pre_lmhead_contextual,en_50m,en_nld,high,583,0.007660226688472378,0.0,48576.5,0.13882568361750264
pre_lmhead_contextual,en_50m,en_nld,medium,270,0.005617963494759561,0.0,10162.5,0.4857044384701026
pre_lmhead_contextual,en_50m,en_nld,low,147,-0.006041910335351692,0.0,3264.5,0.4178208295860627
pre_lmhead_contextual,en_50m,en_ukr,all,1000,0.014361989407588422,0.0,131465.5,2.4670508363836733e-06
pre_lmhead_contextual,en_50m,en_ukr,high,695,0.009616737841644261,0.0,66686.5,0.008417887296597086
pre_lmhead_contextual,en_50m,en_ukr,medium,210,0.02827191832657879,0.021258503401360596,4590.0,1.3209979425041292e-05
pre_lmhead_contextual,en_50m,en_ukr,low,95,0.018328986937516972,0.0,1275.5,0.06986829511830095
pre_lmhead_contextual,en_50m,en_zh,all,1000,-0.006209941357674919,0.0,133889.0,0.008273367818782133
pre_lmhead_contextual,en_50m,en_zh,high,529,-0.0037127760115842315,0.0,37035.5,0.24576526471534754
pre_lmhead_contextual,en_50m,en_zh,medium,312,-0.01244290400596701,0.0,12987.0,0.008229008289162912
pre_lmhead_contextual,en_50m,en_zh,low,159,-0.0022874012433028493,0.0,3616.0,0.5183425922209368
pre_lmhead_contextual,en_100m,en_bul,all,1000,-0.007050241905296555,0.0,154100.0,0.041641885943364675
pre_lmhead_contextual,en_100m,en_bul,high,717,-0.011248507558477356,0.0,79096.5,0.011150852033084878
pre_lmhead_contextual,en_100m,en_bul,medium,192,0.008818071438868764,0.0,4932.5,0.32731818466519913
pre_lmhead_contextual,en_100m,en_bul,low,91,-0.007451996726715311,0.0,1175.0,0.33459152011441495
pre_lmhead_contextual,en_100m,en_deu,all,1000,-0.006817491995272733,0.0,135378.5,0.01632060441430282
pre_lmhead_contextual,en_100m,en_deu,high,666,-0.009145478794179915,0.0,59139.5,0.02579576092204987
pre_lmhead_contextual,en_100m,en_deu,medium,242,0.002454271381931581,0.0,8519.0,0.90884084196838
pre_lmhead_contextual,en_100m,en_deu,low,92,-0.014353660791047355,0.0,1016.5,0.04561836617711096
pre_lmhead_contextual,en_100m,en_fas,all,1000,-0.00021297596153075382,0.0,154158.5,0.841936974400091
pre_lmhead_contextual,en_100m,en_fas,high,696,-0.0031075961684265884,0.0,71694.5,0.4631781107293358
pre_lmhead_contextual,en_100m,en_fas,medium,249,0.006596399791510346,0.0,8656.0,0.20984236268645673
pre_lmhead_contextual,en_100m,en_fas,low,55,0.005589225883783191,0.0,495.5,0.468502054394053
pre_lmhead_contextual,en_100m,en_fr,all,1000,0.013628809006185828,0.0,130243.5,7.5858140513598566e-06
pre_lmhead_contextual,en_100m,en_fr,high,658,0.016141727603642273,0.0,55872.5,4.0120436011342017e-05
pre_lmhead_contextual,en_100m,en_fr,medium,227,0.01357131994679032,0.0,6323.5,0.017060771050931733
pre_lmhead_contextual,en_100m,en_fr,low,115,-0.0006359772602798949,0.0,2038.0,0.969504490644361
pre_lmhead_contextual,en_100m,en_ind,all,1000,-0.0005663050598100039,0.0,168712.0,0.7184828473068754
pre_lmhead_contextual,en_100m,en_ind,high,599,-0.0006024682209740704,0.0,58753.0,0.6565217595044579
pre_lmhead_contextual,en_100m,en_ind,medium,262,0.00012205203086016783,0.0,11372.0,0.7943816972872573
pre_lmhead_contextual,en_100m,en_ind,low,139,-0.001707944082963296,0.0,3595.5,0.6901769904100352
pre_lmhead_contextual,en_100m,en_nld,all,1000,0.012833879674640558,0.0,126565.0,8.793061044533715e-08
pre_lmhead_contextual,en_100m,en_nld,high,583,0.009150033265689668,0.0,47342.5,0.005325916752020536
pre_lmhead_contextual,en_100m,en_nld,medium,270,0.015873351323171126,0.0,8261.5,0.00035148978643130877
pre_lmhead_contextual,en_100m,en_nld,low,147,0.021861261384267177,0.021258503401360596,2169.0,0.00020281214602435894
pre_lmhead_contextual,en_100m,en_ukr,all,1000,0.021532219079299853,0.010204081632653017,112817.0,4.2417719102292786e-13
pre_lmhead_contextual,en_100m,en_ukr,high,695,0.017276980404916445,0.0,59922.5,3.871476213086549e-06
pre_lmhead_contextual,en_100m,en_ukr,medium,210,0.03103822688068986,0.020408163265306034,3770.5,3.4778982436172946e-07
pre_lmhead_contextual,en_100m,en_ukr,low,95,0.03164936897829532,0.027685492801771794,850.0,0.0005829445153980067
pre_lmhead_contextual,en_100m,en_zh,all,1000,0.007223848804096635,0.0,147058.5,0.02911554248788923
pre_lmhead_contextual,en_100m,en_zh,high,529,0.013378679502897305,0.0,38689.0,0.0018679851206804148
pre_lmhead_contextual,en_100m,en_zh,medium,312,0.00047469895427059263,0.0,14536.5,0.9676017312574398
pre_lmhead_contextual,en_100m,en_zh,low,159,-9.929098543789894e-06,0.0,4141.5,0.7874878887599198
