repr_type,pair,axis,mean_abs_projection_diff,mean_rel_projection_diff,mean_signed_projection_diff
embedding_matrix,fas_50m__vs__en_fas_a,elder->youth,0.19377313554286957,0.8736937046051025,-0.08464932441711426
embedding_matrix,fas_50m__vs__en_fas_a,taboo->permissive,0.18146584928035736,0.8655227422714233,0.12989093363285065
embedding_matrix,fas_50m__vs__en_fas_a,uniform->personalized,0.17907193303108215,0.8785762190818787,-0.04653807729482651
embedding_matrix,fas_50m__vs__en_fas_a,solidarity->competition,0.17630496621131897,0.8625636100769043,-0.10072667896747589
embedding_matrix,fas_50m__vs__en_fas_a,pilgrim->spectator,0.16991223394870758,0.8577158451080322,-0.08925900608301163
embedding_matrix,fas_50m__vs__en_fas_a,indigenous->diaspora,0.16871075332164764,0.8543701171875,0.11979828029870987
embedding_matrix,fas_50m__vs__en_fas_a,clan->individual,0.16617709398269653,0.8686269521713257,-0.11758923530578613
embedding_matrix,fas_50m__vs__en_fas_a,fermented->fresh,0.16163793206214905,0.8478751182556152,-0.10541928559541702
embedding_matrix,fas_50m__vs__en_fas_a,restraint->indulgence,0.15680480003356934,0.8716700673103333,0.05199581757187843
embedding_matrix,fas_50m__vs__en_fas_a,ritual->routine,0.15432989597320557,0.8406620025634766,-0.09670013189315796
embedding_matrix,fas_50m__vs__en_fas_a,majority->minority,0.1517840027809143,0.8590233325958252,-0.09304080158472061
embedding_matrix,fas_50m__vs__en_fas_a,spicy->mild,0.14973972737789154,0.8623184561729431,-0.09772790223360062
embedding_matrix,fas_50m__vs__en_fas_a,sacred->secular,0.14728839695453644,0.8111605644226074,0.07152638584375381
embedding_matrix,fas_50m__vs__en_fas_a,modest->revealing,0.14658690989017487,0.8666285276412964,0.09254173934459686
embedding_matrix,fas_50m__vs__en_fas_a,fasting->feasting,0.14411267638206482,0.8506358861923218,0.009816107340157032
embedding_matrix,fas_50m__vs__en_fas_a,veiled->unveiled,0.14314447343349457,0.8470425009727478,-0.024255424737930298
embedding_matrix,fas_50m__vs__en_fas_a,tradition->modernity,0.13845400512218475,0.8319921493530273,-0.009396862238645554
embedding_matrix,fas_50m__vs__en_fas_a,conformity->dissent,0.13785476982593536,0.8492359519004822,-0.0944100022315979
embedding_matrix,fas_50m__vs__en_fas_a,local->global,0.1364751011133194,0.8142779469490051,0.07459764182567596
embedding_matrix,fas_50m__vs__en_fas_a,script->image,0.1336544007062912,0.8295290470123291,-0.06621315330266953
embedding_matrix,fas_50m__vs__en_fas_a,lotus->rose,0.12845245003700256,0.83107590675354,-0.005934783257544041
embedding_matrix,fas_50m__vs__en_fas_a,patronage->meritocracy,0.12712688744068146,0.8307844400405884,0.011252375319600105
embedding_matrix,fas_50m__vs__en_fas_a,assimilation->pluralism,0.12650051712989807,0.8247042298316956,0.015281316824257374
embedding_matrix,fas_50m__vs__en_fas_a,vegetarian->meat,0.1260758936405182,0.8409088850021362,-0.054981376975774765
embedding_matrix,fas_50m__vs__en_fas_a,pilgrimage->tourism,0.12333814054727554,0.8434803485870361,-0.08978357166051865
embedding_matrix,fas_50m__vs__en_fas_a,certainty->ambiguity,0.12279527634382248,0.828266441822052,-0.0006344799767248333
embedding_matrix,fas_50m__vs__en_fas_a,individualism->collectivism,0.12244126945734024,0.8393638730049133,0.049335088580846786
embedding_matrix,fas_50m__vs__en_fas_a,ornate->plain,0.12031858414411545,0.7909221053123474,-0.054217658936977386
embedding_matrix,fas_50m__vs__en_fas_a,mother->father,0.12022697180509567,0.8264862298965454,-0.01782294549047947
embedding_matrix,fas_50m__vs__en_fas_a,authority->deliberation,0.11836494505405426,0.82539963722229,0.032363295555114746
embedding_matrix,fas_50m__vs__en_fas_a,hierarchy->equality,0.11813803017139435,0.8352372050285339,-0.017230983823537827
embedding_matrix,fas_50m__vs__en_fas_a,customary->codified,0.11574800312519073,0.830845296382904,-0.043519239872694016
embedding_matrix,fas_50m__vs__en_fas_a,tea->coffee,0.11134153604507446,0.8144465088844299,-0.012109775096178055
embedding_matrix,fas_50m__vs__en_fas_a,kin->stranger,0.11123637855052948,0.8166694045066833,0.028850257396697998
embedding_matrix,fas_50m__vs__en_fas_a,prayer->reason,0.11040612310171127,0.8106502890586853,0.016642222180962563
embedding_matrix,fas_50m__vs__en_fas_a,federal->centralized,0.1099037304520607,0.83001708984375,0.05904945731163025
embedding_matrix,fas_50m__vs__en_fas_a,obedience->autonomy,0.10933270305395126,0.8058947920799255,-0.06113853678107262
embedding_matrix,fas_50m__vs__en_fas_a,dragon->eagle,0.10894937068223953,0.8230460286140442,0.005627209320664406
embedding_matrix,fas_50m__vs__en_fas_a,black->gold,0.10875584185123444,0.8385099172592163,-0.012123812921345234
embedding_matrix,fas_50m__vs__en_fas_a,honor->shame,0.1082550510764122,0.8269795179367065,-0.022605901584029198
embedding_matrix,fas_50m__vs__en_fas_a,duty->freedom,0.10607962310314178,0.8237944841384888,-0.005715015344321728
embedding_matrix,fas_50m__vs__en_fas_a,lineage->mobility,0.1059689149260521,0.8003648519515991,0.03285984322428703
embedding_matrix,fas_50m__vs__en_fas_a,homeland->migration,0.10460309684276581,0.8283960223197937,0.043938927352428436
embedding_matrix,fas_50m__vs__en_fas_a,white->red,0.10113760828971863,0.8079394698143005,-0.018871428444981575
embedding_matrix,fas_50m__vs__en_fas_a,formal->casual,0.09938202798366547,0.7973314523696899,0.04151229187846184
embedding_matrix,fas_50m__vs__en_fas_a,democracy->monarchy,0.09704425930976868,0.7829621434211731,0.007331734988838434
embedding_matrix,fas_50m__vs__en_fas_a,ancestor->novelty,0.09687270224094391,0.8053845167160034,-0.0233768243342638
embedding_matrix,fas_50m__vs__en_fas_a,rice->bread,0.09072087705135345,0.8015586137771606,-0.008609251119196415
embedding_matrix,fas_50m__vs__en_fas_a,mourning->celebration,0.08327600359916687,0.7911971211433411,0.00413706386461854
embedding_matrix,fas_50m__vs__en_fas_a,lunar->solar,0.08163447678089142,0.8027257919311523,-0.04312540590763092
embedding_matrix,fas_50m__vs__en_fas_b,pilgrim->spectator,0.2087181806564331,0.8685116171836853,-0.042577750980854034
embedding_matrix,fas_50m__vs__en_fas_b,assimilation->pluralism,0.19490069150924683,0.8733641505241394,-0.16086235642433167
embedding_matrix,fas_50m__vs__en_fas_b,tradition->modernity,0.1944691687822342,0.8812682032585144,-0.10226412117481232
embedding_matrix,fas_50m__vs__en_fas_b,taboo->permissive,0.19049787521362305,0.878473162651062,-0.014014474116265774
embedding_matrix,fas_50m__vs__en_fas_b,veiled->unveiled,0.18632523715496063,0.8757624626159668,0.10068494081497192
embedding_matrix,fas_50m__vs__en_fas_b,authority->deliberation,0.173395037651062,0.8761560320854187,0.08876073360443115
embedding_matrix,fas_50m__vs__en_fas_b,individualism->collectivism,0.166167750954628,0.8693876266479492,0.10860738903284073
embedding_matrix,fas_50m__vs__en_fas_b,fasting->feasting,0.158348947763443,0.862468421459198,-0.03158650919795036
embedding_matrix,fas_50m__vs__en_fas_b,majority->minority,0.15563444793224335,0.852264940738678,-0.09763994812965393
embedding_matrix,fas_50m__vs__en_fas_b,restraint->indulgence,0.15314020216464996,0.8642357587814331,0.05962197855114937
embedding_matrix,fas_50m__vs__en_fas_b,clan->individual,0.1527700126171112,0.8495527505874634,-0.11363980919122696
embedding_matrix,fas_50m__vs__en_fas_b,elder->youth,0.1522660255432129,0.8487367033958435,-0.07512126117944717
embedding_matrix,fas_50m__vs__en_fas_b,local->global,0.15157108008861542,0.830366313457489,-0.08304610848426819
embedding_matrix,fas_50m__vs__en_fas_b,formal->casual,0.1495722085237503,0.8287172913551331,0.08056719601154327
embedding_matrix,fas_50m__vs__en_fas_b,modest->revealing,0.14906468987464905,0.8811385631561279,0.09500241279602051
embedding_matrix,fas_50m__vs__en_fas_b,duty->freedom,0.1480979323387146,0.8480682969093323,0.05101269483566284
embedding_matrix,fas_50m__vs__en_fas_b,vegetarian->meat,0.1463199257850647,0.8537835478782654,-0.08031145483255386
embedding_matrix,fas_50m__vs__en_fas_b,prayer->reason,0.14416317641735077,0.855070948600769,0.09581440687179565
embedding_matrix,fas_50m__vs__en_fas_b,ornate->plain,0.14215075969696045,0.8247767090797424,-0.04532861337065697
embedding_matrix,fas_50m__vs__en_fas_b,lotus->rose,0.14184950292110443,0.8326395153999329,-0.013352776877582073
embedding_matrix,fas_50m__vs__en_fas_b,indigenous->diaspora,0.14142325520515442,0.8354664444923401,-0.04386748746037483
embedding_matrix,fas_50m__vs__en_fas_b,lunar->solar,0.14108239114284515,0.8538395762443542,-0.029186611995100975
embedding_matrix,fas_50m__vs__en_fas_b,uniform->personalized,0.14017343521118164,0.8661692142486572,0.10047145932912827
embedding_matrix,fas_50m__vs__en_fas_b,federal->centralized,0.13866908848285675,0.83946692943573,-0.011859012767672539
embedding_matrix,fas_50m__vs__en_fas_b,mourning->celebration,0.13834664225578308,0.8567479848861694,0.01250314898788929
embedding_matrix,fas_50m__vs__en_fas_b,sacred->secular,0.13737833499908447,0.8080019354820251,0.09594354778528214
embedding_matrix,fas_50m__vs__en_fas_b,obedience->autonomy,0.13600680232048035,0.8408896327018738,-0.024891525506973267
embedding_matrix,fas_50m__vs__en_fas_b,pilgrimage->tourism,0.1287143975496292,0.8407788276672363,-0.08309078216552734
embedding_matrix,fas_50m__vs__en_fas_b,kin->stranger,0.12852811813354492,0.8456892371177673,0.01262920442968607
embedding_matrix,fas_50m__vs__en_fas_b,patronage->meritocracy,0.1275613158941269,0.841651976108551,0.03415856137871742
embedding_matrix,fas_50m__vs__en_fas_b,ritual->routine,0.12474306672811508,0.8572567701339722,0.06347496807575226
embedding_matrix,fas_50m__vs__en_fas_b,lineage->mobility,0.123923659324646,0.8023653030395508,0.08057446032762527
embedding_matrix,fas_50m__vs__en_fas_b,solidarity->competition,0.12272309511899948,0.8333302140235901,-0.0353294238448143
embedding_matrix,fas_50m__vs__en_fas_b,hierarchy->equality,0.1221102774143219,0.8447588086128235,-0.06611917167901993
embedding_matrix,fas_50m__vs__en_fas_b,conformity->dissent,0.11873820424079895,0.8432304859161377,-0.08069752901792526
embedding_matrix,fas_50m__vs__en_fas_b,honor->shame,0.11787852644920349,0.8250365257263184,-0.039307601749897
embedding_matrix,fas_50m__vs__en_fas_b,democracy->monarchy,0.11570368707180023,0.8248869776725769,-0.015017431229352951
embedding_matrix,fas_50m__vs__en_fas_b,fermented->fresh,0.11402831971645355,0.8062707781791687,-0.0474361926317215
embedding_matrix,fas_50m__vs__en_fas_b,spicy->mild,0.11182259023189545,0.8443509340286255,0.018616311252117157
embedding_matrix,fas_50m__vs__en_fas_b,rice->bread,0.1111413761973381,0.8215925097465515,0.01761789247393608
embedding_matrix,fas_50m__vs__en_fas_b,certainty->ambiguity,0.10838940739631653,0.8470008373260498,0.051795609295368195
embedding_matrix,fas_50m__vs__en_fas_b,black->gold,0.10786657780408859,0.8281676173210144,-0.010764692910015583
embedding_matrix,fas_50m__vs__en_fas_b,homeland->migration,0.10680896043777466,0.838599681854248,-0.03747693449258804
embedding_matrix,fas_50m__vs__en_fas_b,tea->coffee,0.10591062903404236,0.8033770322799683,0.021546779200434685
embedding_matrix,fas_50m__vs__en_fas_b,script->image,0.1045931875705719,0.8313410878181458,0.030047988519072533
embedding_matrix,fas_50m__vs__en_fas_b,ancestor->novelty,0.10349535197019577,0.8222348093986511,0.003902859752997756
embedding_matrix,fas_50m__vs__en_fas_b,white->red,0.10045220702886581,0.8026678562164307,-0.003940724302083254
embedding_matrix,fas_50m__vs__en_fas_b,dragon->eagle,0.10017230361700058,0.8339232802391052,-0.014620449393987656
embedding_matrix,fas_50m__vs__en_fas_b,customary->codified,0.09822120517492294,0.8198291063308716,-0.021809184923768044
embedding_matrix,fas_50m__vs__en_fas_b,mother->father,0.09642431885004044,0.7962908148765564,-0.05020945146679878
embedding_matrix,fas_100m__vs__en_fas_a,elder->youth,0.19495464861392975,0.8667856454849243,-0.08707527071237564
embedding_matrix,fas_100m__vs__en_fas_a,uniform->personalized,0.18359044194221497,0.8838334083557129,-0.05064277723431587
embedding_matrix,fas_100m__vs__en_fas_a,taboo->permissive,0.18118609488010406,0.8507469892501831,0.1322087049484253
embedding_matrix,fas_100m__vs__en_fas_a,solidarity->competition,0.1746111661195755,0.8554430603981018,-0.10343579202890396
embedding_matrix,fas_100m__vs__en_fas_a,indigenous->diaspora,0.17298272252082825,0.8586177229881287,0.1244610920548439
embedding_matrix,fas_100m__vs__en_fas_a,pilgrim->spectator,0.16807518899440765,0.8437889218330383,-0.08796511590480804
embedding_matrix,fas_100m__vs__en_fas_a,clan->individual,0.16648225486278534,0.8612662553787231,-0.11847557872533798
embedding_matrix,fas_100m__vs__en_fas_a,fermented->fresh,0.1617009937763214,0.8359740972518921,-0.10244027525186539
embedding_matrix,fas_100m__vs__en_fas_a,ritual->routine,0.15829917788505554,0.845967710018158,-0.09788679331541061
embedding_matrix,fas_100m__vs__en_fas_a,restraint->indulgence,0.15606318414211273,0.8756693005561829,0.05073804035782814
embedding_matrix,fas_100m__vs__en_fas_a,spicy->mild,0.15346594154834747,0.8709094524383545,-0.1010664701461792
embedding_matrix,fas_100m__vs__en_fas_a,majority->minority,0.14993157982826233,0.8498932123184204,-0.09225010126829147
embedding_matrix,fas_100m__vs__en_fas_a,modest->revealing,0.1493241935968399,0.8654714226722717,0.09198634326457977
embedding_matrix,fas_100m__vs__en_fas_a,sacred->secular,0.14648257195949554,0.8013523817062378,0.06674911826848984
embedding_matrix,fas_100m__vs__en_fas_a,fasting->feasting,0.14308419823646545,0.8452915549278259,0.01906679943203926
embedding_matrix,fas_100m__vs__en_fas_a,veiled->unveiled,0.1427570879459381,0.845500111579895,-0.025905879214406013
embedding_matrix,fas_100m__vs__en_fas_a,tradition->modernity,0.14043283462524414,0.8384860754013062,-0.007546961307525635
embedding_matrix,fas_100m__vs__en_fas_a,conformity->dissent,0.13775360584259033,0.8395980000495911,-0.09599240869283676
embedding_matrix,fas_100m__vs__en_fas_a,script->image,0.13554082810878754,0.8314496874809265,-0.06699133664369583
embedding_matrix,fas_100m__vs__en_fas_a,local->global,0.13516756892204285,0.787373423576355,0.07016634941101074
embedding_matrix,fas_100m__vs__en_fas_a,patronage->meritocracy,0.13157378137111664,0.8355900049209595,0.011613336391746998
embedding_matrix,fas_100m__vs__en_fas_a,assimilation->pluralism,0.12776657938957214,0.8363201022148132,0.019991932436823845
embedding_matrix,fas_100m__vs__en_fas_a,vegetarian->meat,0.1268196552991867,0.8362830281257629,-0.05342844873666763
embedding_matrix,fas_100m__vs__en_fas_a,lotus->rose,0.12489914149045944,0.809664785861969,-0.004280430730432272
embedding_matrix,fas_100m__vs__en_fas_a,ornate->plain,0.12355130165815353,0.8069400787353516,-0.05802498385310173
embedding_matrix,fas_100m__vs__en_fas_a,pilgrimage->tourism,0.12323113530874252,0.8293408751487732,-0.08772692084312439
embedding_matrix,fas_100m__vs__en_fas_a,individualism->collectivism,0.12255183607339859,0.8264629244804382,0.042663488537073135
embedding_matrix,fas_100m__vs__en_fas_a,certainty->ambiguity,0.12126733362674713,0.8118703365325928,0.00648058857768774
embedding_matrix,fas_100m__vs__en_fas_a,authority->deliberation,0.12012016028165817,0.8160995841026306,0.030907515436410904
embedding_matrix,fas_100m__vs__en_fas_a,hierarchy->equality,0.11936940997838974,0.8364782929420471,-0.01558107789605856
embedding_matrix,fas_100m__vs__en_fas_a,mother->father,0.11922051757574081,0.8220515251159668,-0.014978878200054169
embedding_matrix,fas_100m__vs__en_fas_a,customary->codified,0.11460831761360168,0.8227176666259766,-0.03757883980870247
embedding_matrix,fas_100m__vs__en_fas_a,tea->coffee,0.11164742708206177,0.8037217855453491,-0.015123101882636547
embedding_matrix,fas_100m__vs__en_fas_a,federal->centralized,0.11128231883049011,0.8174382448196411,0.059387728571891785
embedding_matrix,fas_100m__vs__en_fas_a,prayer->reason,0.11052766442298889,0.7999339699745178,0.01622919552028179
embedding_matrix,fas_100m__vs__en_fas_a,kin->stranger,0.11052123457193375,0.7930651903152466,0.024663608521223068
embedding_matrix,fas_100m__vs__en_fas_a,dragon->eagle,0.10966720432043076,0.821259617805481,0.005624208599328995
embedding_matrix,fas_100m__vs__en_fas_a,duty->freedom,0.10921013355255127,0.8263264298439026,-0.01362574752420187
embedding_matrix,fas_100m__vs__en_fas_a,obedience->autonomy,0.1083306297659874,0.7991039752960205,-0.06079523637890816
embedding_matrix,fas_100m__vs__en_fas_a,black->gold,0.1072198823094368,0.8189330697059631,-0.01741148717701435
embedding_matrix,fas_100m__vs__en_fas_a,honor->shame,0.10663914680480957,0.808568000793457,-0.0184552613645792
embedding_matrix,fas_100m__vs__en_fas_a,homeland->migration,0.10597999393939972,0.8291677236557007,0.04744761437177658
embedding_matrix,fas_100m__vs__en_fas_a,lineage->mobility,0.1052706316113472,0.8077763915061951,0.03515244275331497
embedding_matrix,fas_100m__vs__en_fas_a,white->red,0.10135748982429504,0.8060246706008911,-0.013528737239539623
embedding_matrix,fas_100m__vs__en_fas_a,formal->casual,0.09812817722558975,0.7762920260429382,0.04198450967669487
embedding_matrix,fas_100m__vs__en_fas_a,ancestor->novelty,0.09804820269346237,0.7936701774597168,-0.02563438005745411
embedding_matrix,fas_100m__vs__en_fas_a,democracy->monarchy,0.09527506679296494,0.7999050617218018,0.0127806281670928
embedding_matrix,fas_100m__vs__en_fas_a,rice->bread,0.08897612988948822,0.7791116237640381,-0.00798679981380701
embedding_matrix,fas_100m__vs__en_fas_a,lunar->solar,0.08426149189472198,0.8148786425590515,-0.04397159442305565
embedding_matrix,fas_100m__vs__en_fas_a,mourning->celebration,0.08231135457754135,0.757632315158844,0.006571460515260696
embedding_matrix,fas_100m__vs__en_fas_b,pilgrim->spectator,0.20663268864154816,0.8604574799537659,-0.041283875703811646
embedding_matrix,fas_100m__vs__en_fas_b,tradition->modernity,0.19337284564971924,0.8700481057167053,-0.1004142165184021
embedding_matrix,fas_100m__vs__en_fas_b,assimilation->pluralism,0.1905902475118637,0.8651850819587708,-0.15615172684192657
embedding_matrix,fas_100m__vs__en_fas_b,taboo->permissive,0.18585990369319916,0.8405383229255676,-0.011696696281433105
embedding_matrix,fas_100m__vs__en_fas_b,veiled->unveiled,0.18510189652442932,0.8638546466827393,0.09903448820114136
embedding_matrix,fas_100m__vs__en_fas_b,authority->deliberation,0.17100964486598969,0.858306884765625,0.0873049646615982
embedding_matrix,fas_100m__vs__en_fas_b,individualism->collectivism,0.16302064061164856,0.8459678888320923,0.10193578898906708
embedding_matrix,fas_100m__vs__en_fas_b,majority->minority,0.15570785105228424,0.8400936126708984,-0.09684925526380539
embedding_matrix,fas_100m__vs__en_fas_b,local->global,0.15474939346313477,0.8317168354988098,-0.08747740089893341
embedding_matrix,fas_100m__vs__en_fas_b,clan->individual,0.1546953320503235,0.8603351712226868,-0.1145261600613594
embedding_matrix,fas_100m__vs__en_fas_b,elder->youth,0.1540910303592682,0.8482213020324707,-0.07754719257354736
embedding_matrix,fas_100m__vs__en_fas_b,modest->revealing,0.1518923044204712,0.8831807971000671,0.09444700926542282
embedding_matrix,fas_100m__vs__en_fas_b,fasting->feasting,0.15183024108409882,0.825325071811676,-0.022335795685648918
embedding_matrix,fas_100m__vs__en_fas_b,duty->freedom,0.15166932344436646,0.8564721345901489,0.043101966381073
embedding_matrix,fas_100m__vs__en_fas_b,restraint->indulgence,0.1497572511434555,0.8465259075164795,0.058364201337099075
embedding_matrix,fas_100m__vs__en_fas_b,formal->casual,0.1492784470319748,0.8202577233314514,0.0810394212603569
embedding_matrix,fas_100m__vs__en_fas_b,lotus->rose,0.14772479236125946,0.8549721837043762,-0.011698422953486443
embedding_matrix,fas_100m__vs__en_fas_b,vegetarian->meat,0.14645786583423615,0.8418814539909363,-0.07875853031873703
embedding_matrix,fas_100m__vs__en_fas_b,lunar->solar,0.1447124481201172,0.8534024953842163,-0.030032817274332047
embedding_matrix,fas_100m__vs__en_fas_b,indigenous->diaspora,0.1446545422077179,0.8489663004875183,-0.0392046794295311
embedding_matrix,fas_100m__vs__en_fas_b,ornate->plain,0.1440470814704895,0.8307813405990601,-0.04913594201207161
embedding_matrix,fas_100m__vs__en_fas_b,prayer->reason,0.1434590220451355,0.8389810919761658,0.09540137648582458
embedding_matrix,fas_100m__vs__en_fas_b,federal->centralized,0.14138522744178772,0.8296281695365906,-0.01152075920253992
embedding_matrix,fas_100m__vs__en_fas_b,uniform->personalized,0.13878466188907623,0.835044801235199,0.0963667631149292
embedding_matrix,fas_100m__vs__en_fas_b,mourning->celebration,0.13853813707828522,0.8442689180374146,0.014937540516257286
embedding_matrix,fas_100m__vs__en_fas_b,sacred->secular,0.1360173374414444,0.7879737615585327,0.09116625785827637
embedding_matrix,fas_100m__vs__en_fas_b,obedience->autonomy,0.1351284235715866,0.8412241339683533,-0.024548210203647614
embedding_matrix,fas_100m__vs__en_fas_b,patronage->meritocracy,0.13021066784858704,0.8404035568237305,0.03451954573392868
embedding_matrix,fas_100m__vs__en_fas_b,pilgrimage->tourism,0.12764854729175568,0.823976457118988,-0.0810341164469719
embedding_matrix,fas_100m__vs__en_fas_b,kin->stranger,0.12689606845378876,0.8219941258430481,0.008442551828920841
embedding_matrix,fas_100m__vs__en_fas_b,lineage->mobility,0.12635238468647003,0.8350362777709961,0.08286706358194351
embedding_matrix,fas_100m__vs__en_fas_b,ritual->routine,0.12193826586008072,0.8254889845848083,0.062288329005241394
embedding_matrix,fas_100m__vs__en_fas_b,solidarity->competition,0.12099867314100266,0.8120356202125549,-0.03803854435682297
embedding_matrix,fas_100m__vs__en_fas_b,hierarchy->equality,0.12078656256198883,0.8364034295082092,-0.06446928530931473
embedding_matrix,fas_100m__vs__en_fas_b,conformity->dissent,0.12076792120933533,0.8367478847503662,-0.08227992057800293
embedding_matrix,fas_100m__vs__en_fas_b,honor->shame,0.11866269260644913,0.8214510083198547,-0.03515695035457611
embedding_matrix,fas_100m__vs__en_fas_b,fermented->fresh,0.115469790995121,0.8051663041114807,-0.044457171112298965
embedding_matrix,fas_100m__vs__en_fas_b,democracy->monarchy,0.11455962061882019,0.8351742029190063,-0.009568531066179276
embedding_matrix,fas_100m__vs__en_fas_b,certainty->ambiguity,0.11004331707954407,0.840927243232727,0.05891067907214165
embedding_matrix,fas_100m__vs__en_fas_b,spicy->mild,0.1098659336566925,0.8205066919326782,0.015277753584086895
embedding_matrix,fas_100m__vs__en_fas_b,rice->bread,0.10880902409553528,0.7979522347450256,0.018240347504615784
embedding_matrix,fas_100m__vs__en_fas_b,black->gold,0.10707282274961472,0.8121899366378784,-0.016052380204200745
embedding_matrix,fas_100m__vs__en_fas_b,tea->coffee,0.10644757002592087,0.8040173053741455,0.018533453345298767
embedding_matrix,fas_100m__vs__en_fas_b,ancestor->novelty,0.10644033551216125,0.8272871375083923,0.0016453179996460676
embedding_matrix,fas_100m__vs__en_fas_b,homeland->migration,0.10577204823493958,0.8235775232315063,-0.03396826237440109
embedding_matrix,fas_100m__vs__en_fas_b,script->image,0.10559242218732834,0.8166078329086304,0.02926979400217533
embedding_matrix,fas_100m__vs__en_fas_b,white->red,0.10372070968151093,0.8236933350563049,0.0014019737718626857
embedding_matrix,fas_100m__vs__en_fas_b,dragon->eagle,0.10047584027051926,0.8306429386138916,-0.014623458497226238
embedding_matrix,fas_100m__vs__en_fas_b,customary->codified,0.09806986898183823,0.819582998752594,-0.0158687811344862
embedding_matrix,fas_100m__vs__en_fas_b,mother->father,0.09581933170557022,0.7896350622177124,-0.047365378588438034
pre_lmhead_contextual,fas_50m__vs__en_fas_a,pilgrim->spectator,7.091549873352051,0.9489187002182007,-6.955559253692627
pre_lmhead_contextual,fas_50m__vs__en_fas_a,restraint->indulgence,6.297491073608398,0.9575655460357666,6.213217258453369
pre_lmhead_contextual,fas_50m__vs__en_fas_a,veiled->unveiled,6.267117023468018,0.9380233287811279,-6.1640119552612305
pre_lmhead_contextual,fas_50m__vs__en_fas_a,authority->deliberation,5.627357482910156,0.9471967816352844,5.3953986167907715
pre_lmhead_contextual,fas_50m__vs__en_fas_a,assimilation->pluralism,5.104406356811523,0.9339577555656433,-4.814613342285156
pre_lmhead_contextual,fas_50m__vs__en_fas_a,ornate->plain,5.058559417724609,0.8965480327606201,-4.285583019256592
pre_lmhead_contextual,fas_50m__vs__en_fas_a,fasting->feasting,4.884408950805664,0.9262931942939758,4.143579959869385
pre_lmhead_contextual,fas_50m__vs__en_fas_a,script->image,4.582909107208252,0.9324657917022705,-4.5357160568237305
pre_lmhead_contextual,fas_50m__vs__en_fas_a,certainty->ambiguity,3.7618491649627686,0.8931316137313843,3.1469764709472656
pre_lmhead_contextual,fas_50m__vs__en_fas_a,lineage->mobility,3.4422547817230225,0.9416583180427551,-3.411599636077881
pre_lmhead_contextual,fas_50m__vs__en_fas_a,customary->codified,3.3783819675445557,0.8681721091270447,2.2555360794067383
pre_lmhead_contextual,fas_50m__vs__en_fas_a,elder->youth,3.209664821624756,0.9058721661567688,-3.1476869583129883
pre_lmhead_contextual,fas_50m__vs__en_fas_a,majority->minority,3.1291472911834717,0.8642316460609436,-2.8986363410949707
pre_lmhead_contextual,fas_50m__vs__en_fas_a,clan->individual,3.125983476638794,0.9168540239334106,-2.222350835800171
pre_lmhead_contextual,fas_50m__vs__en_fas_a,indigenous->diaspora,3.09584903717041,0.855546772480011,1.4881572723388672
pre_lmhead_contextual,fas_50m__vs__en_fas_a,mother->father,2.9748306274414062,0.9032984375953674,2.4906020164489746
pre_lmhead_contextual,fas_50m__vs__en_fas_a,taboo->permissive,2.9367377758026123,0.6561351418495178,2.617185592651367
pre_lmhead_contextual,fas_50m__vs__en_fas_a,homeland->migration,2.9142887592315674,0.9751828908920288,2.8729028701782227
pre_lmhead_contextual,fas_50m__vs__en_fas_a,kin->stranger,2.8732783794403076,0.7616267204284668,-2.1570937633514404
pre_lmhead_contextual,fas_50m__vs__en_fas_a,black->gold,2.817365884780884,0.894770622253418,-2.5379698276519775
pre_lmhead_contextual,fas_50m__vs__en_fas_a,lotus->rose,2.7262353897094727,0.8556585311889648,-1.7424975633621216
pre_lmhead_contextual,fas_50m__vs__en_fas_a,rice->bread,2.388601064682007,0.7707620859146118,-2.2321267127990723
pre_lmhead_contextual,fas_50m__vs__en_fas_a,tea->coffee,2.2748754024505615,0.5442773699760437,-1.9681107997894287
pre_lmhead_contextual,fas_50m__vs__en_fas_a,conformity->dissent,2.2403085231781006,0.8945034742355347,1.9346215724945068
pre_lmhead_contextual,fas_50m__vs__en_fas_a,modest->revealing,2.1746952533721924,0.8907143473625183,-1.7352356910705566
pre_lmhead_contextual,fas_50m__vs__en_fas_a,tradition->modernity,2.1054279804229736,0.7330512404441833,0.2963648736476898
pre_lmhead_contextual,fas_50m__vs__en_fas_a,patronage->meritocracy,2.1004858016967773,0.888137936592102,-1.6440842151641846
pre_lmhead_contextual,fas_50m__vs__en_fas_a,spicy->mild,2.0545108318328857,0.6864050626754761,0.5077741146087646
pre_lmhead_contextual,fas_50m__vs__en_fas_a,federal->centralized,1.9944080114364624,0.8650798201560974,0.9453107714653015
pre_lmhead_contextual,fas_50m__vs__en_fas_a,vegetarian->meat,1.846157193183899,0.7936052083969116,-0.7318496108055115
pre_lmhead_contextual,fas_50m__vs__en_fas_a,formal->casual,1.7742451429367065,0.8088864684104919,-1.4123198986053467
pre_lmhead_contextual,fas_50m__vs__en_fas_a,individualism->collectivism,1.7722456455230713,0.7037723064422607,-0.4594854712486267
pre_lmhead_contextual,fas_50m__vs__en_fas_a,sacred->secular,1.6591817140579224,0.9014341831207275,1.5696378946304321
pre_lmhead_contextual,fas_50m__vs__en_fas_a,hierarchy->equality,1.653239369392395,0.5465741157531738,-1.411009669303894
pre_lmhead_contextual,fas_50m__vs__en_fas_a,fermented->fresh,1.6514132022857666,0.583904504776001,0.6281560063362122
pre_lmhead_contextual,fas_50m__vs__en_fas_a,ritual->routine,1.6091240644454956,0.5086055397987366,-1.181793212890625
pre_lmhead_contextual,fas_50m__vs__en_fas_a,white->red,1.5295683145523071,0.8218900561332703,1.316866159439087
pre_lmhead_contextual,fas_50m__vs__en_fas_a,dragon->eagle,1.5094470977783203,0.7508153319358826,1.0635173320770264
pre_lmhead_contextual,fas_50m__vs__en_fas_a,uniform->personalized,1.4842450618743896,0.8610254526138306,1.0984960794448853
pre_lmhead_contextual,fas_50m__vs__en_fas_a,mourning->celebration,1.4300907850265503,0.8007107973098755,0.01994181051850319
pre_lmhead_contextual,fas_50m__vs__en_fas_a,local->global,1.3657437562942505,0.7265110611915588,-1.0209485292434692
pre_lmhead_contextual,fas_50m__vs__en_fas_a,honor->shame,1.2868034839630127,0.7501926422119141,0.2692307233810425
pre_lmhead_contextual,fas_50m__vs__en_fas_a,duty->freedom,1.2788708209991455,0.7577274441719055,-0.7007954120635986
pre_lmhead_contextual,fas_50m__vs__en_fas_a,prayer->reason,1.1950937509536743,0.6910192370414734,0.2551005482673645
pre_lmhead_contextual,fas_50m__vs__en_fas_a,lunar->solar,1.1939470767974854,0.8180140256881714,-0.8968105316162109
pre_lmhead_contextual,fas_50m__vs__en_fas_a,pilgrimage->tourism,1.0865525007247925,0.5312025547027588,-0.6688941717147827
pre_lmhead_contextual,fas_50m__vs__en_fas_a,obedience->autonomy,0.9616979956626892,0.5320197939872742,0.13682687282562256
pre_lmhead_contextual,fas_50m__vs__en_fas_a,democracy->monarchy,0.9458282589912415,0.5142717957496643,-0.07013256847858429
pre_lmhead_contextual,fas_50m__vs__en_fas_a,solidarity->competition,0.9239594340324402,0.790489137172699,0.1527743935585022
pre_lmhead_contextual,fas_50m__vs__en_fas_a,ancestor->novelty,0.9199391603469849,0.7238013744354248,0.27337539196014404
pre_lmhead_contextual,fas_50m__vs__en_fas_b,assimilation->pluralism,6.246819019317627,0.9513178467750549,-6.235694408416748
pre_lmhead_contextual,fas_50m__vs__en_fas_b,authority->deliberation,5.875982284545898,0.9660146236419678,5.782224655151367
pre_lmhead_contextual,fas_50m__vs__en_fas_b,restraint->indulgence,5.864824295043945,0.9691920280456543,5.827066421508789
pre_lmhead_contextual,fas_50m__vs__en_fas_b,pilgrim->spectator,5.733102798461914,0.9210925102233887,-5.426873207092285
pre_lmhead_contextual,fas_50m__vs__en_fas_b,fasting->feasting,5.555627822875977,0.9429953694343567,5.520925998687744
pre_lmhead_contextual,fas_50m__vs__en_fas_b,elder->youth,4.3792619705200195,0.9381193518638611,-4.360940456390381
pre_lmhead_contextual,fas_50m__vs__en_fas_b,ancestor->novelty,4.243038177490234,0.9612968564033508,4.239399433135986
pre_lmhead_contextual,fas_50m__vs__en_fas_b,prayer->reason,3.9279301166534424,0.9948062300682068,3.9189257621765137
pre_lmhead_contextual,fas_50m__vs__en_fas_b,taboo->permissive,3.331547737121582,0.674164891242981,2.8813602924346924
pre_lmhead_contextual,fas_50m__vs__en_fas_b,ritual->routine,3.2891135215759277,0.9816778898239136,3.284233331680298
pre_lmhead_contextual,fas_50m__vs__en_fas_b,federal->centralized,3.244283676147461,0.8136782646179199,-3.0047354698181152
pre_lmhead_contextual,fas_50m__vs__en_fas_b,customary->codified,3.1568150520324707,0.8337711691856384,1.4496115446090698
pre_lmhead_contextual,fas_50m__vs__en_fas_b,vegetarian->meat,3.1294546127319336,0.9301427602767944,-2.9896390438079834
pre_lmhead_contextual,fas_50m__vs__en_fas_b,ornate->plain,2.789963960647583,0.8589727878570557,-1.6588425636291504
pre_lmhead_contextual,fas_50m__vs__en_fas_b,majority->minority,2.7242043018341064,0.8495943546295166,-2.3208603858947754
pre_lmhead_contextual,fas_50m__vs__en_fas_b,honor->shame,2.719881296157837,0.9569125771522522,-2.710702657699585
pre_lmhead_contextual,fas_50m__vs__en_fas_b,lunar->solar,2.649359941482544,0.9292982220649719,-2.5520732402801514
pre_lmhead_contextual,fas_50m__vs__en_fas_b,local->global,2.4832849502563477,0.9441825151443481,-2.3861918449401855
pre_lmhead_contextual,fas_50m__vs__en_fas_b,democracy->monarchy,2.3703665733337402,0.9567422866821289,-2.3349688053131104
pre_lmhead_contextual,fas_50m__vs__en_fas_b,black->gold,2.3390634059906006,0.9012427926063538,-2.24357008934021
pre_lmhead_contextual,fas_50m__vs__en_fas_b,patronage->meritocracy,2.3378074169158936,0.8732786774635315,-1.303083062171936
pre_lmhead_contextual,fas_50m__vs__en_fas_b,pilgrimage->tourism,2.2144250869750977,0.6839572787284851,-1.457370400428772
pre_lmhead_contextual,fas_50m__vs__en_fas_b,clan->individual,2.111717700958252,0.8892546892166138,-0.9433783888816833
pre_lmhead_contextual,fas_50m__vs__en_fas_b,tradition->modernity,2.0215373039245605,0.7297936081886292,0.18582569062709808
pre_lmhead_contextual,fas_50m__vs__en_fas_b,certainty->ambiguity,2.006251811981201,0.8503414392471313,1.997261881828308
pre_lmhead_contextual,fas_50m__vs__en_fas_b,lineage->mobility,1.9092482328414917,0.48024818301200867,1.2122048139572144
pre_lmhead_contextual,fas_50m__vs__en_fas_b,indigenous->diaspora,1.8180733919143677,0.800261378288269,0.9283045530319214
pre_lmhead_contextual,fas_50m__vs__en_fas_b,formal->casual,1.81193208694458,0.8448660373687744,-0.9207845330238342
pre_lmhead_contextual,fas_50m__vs__en_fas_b,veiled->unveiled,1.760913610458374,0.6110976934432983,-0.2793402671813965
pre_lmhead_contextual,fas_50m__vs__en_fas_b,mourning->celebration,1.7467975616455078,0.8728621602058411,1.5391685962677002
pre_lmhead_contextual,fas_50m__vs__en_fas_b,uniform->personalized,1.7031232118606567,0.8553036451339722,1.184547781944275
pre_lmhead_contextual,fas_50m__vs__en_fas_b,homeland->migration,1.6982005834579468,0.8161599636077881,-0.9361531734466553
pre_lmhead_contextual,fas_50m__vs__en_fas_b,dragon->eagle,1.6708232164382935,0.6440954208374023,-1.499985694885254
pre_lmhead_contextual,fas_50m__vs__en_fas_b,obedience->autonomy,1.6619582176208496,0.7414484620094299,-1.2614609003067017
pre_lmhead_contextual,fas_50m__vs__en_fas_b,individualism->collectivism,1.6588056087493896,0.5077869892120361,1.4956814050674438
pre_lmhead_contextual,fas_50m__vs__en_fas_b,fermented->fresh,1.6446433067321777,0.5158899426460266,1.567168951034546
pre_lmhead_contextual,fas_50m__vs__en_fas_b,kin->stranger,1.477022647857666,0.8318606615066528,0.9941956400871277
pre_lmhead_contextual,fas_50m__vs__en_fas_b,duty->freedom,1.3955838680267334,0.8161656260490417,-0.9650347828865051
pre_lmhead_contextual,fas_50m__vs__en_fas_b,sacred->secular,1.3084050416946411,0.6587810516357422,0.1577320545911789
pre_lmhead_contextual,fas_50m__vs__en_fas_b,conformity->dissent,1.297519326210022,0.8088691830635071,0.7687281966209412
pre_lmhead_contextual,fas_50m__vs__en_fas_b,lotus->rose,1.2134053707122803,0.550244152545929,0.7724370956420898
pre_lmhead_contextual,fas_50m__vs__en_fas_b,rice->bread,1.2080574035644531,0.751320481300354,0.10830989480018616
pre_lmhead_contextual,fas_50m__vs__en_fas_b,tea->coffee,1.13254976272583,0.5855439305305481,0.4811653792858124
pre_lmhead_contextual,fas_50m__vs__en_fas_b,modest->revealing,1.0648869276046753,0.6858376264572144,0.36466994881629944
pre_lmhead_contextual,fas_50m__vs__en_fas_b,hierarchy->equality,0.9334203004837036,0.4802403151988983,-0.37239640951156616
pre_lmhead_contextual,fas_50m__vs__en_fas_b,mother->father,0.9322531819343567,0.7042708992958069,-0.019854553043842316
pre_lmhead_contextual,fas_50m__vs__en_fas_b,solidarity->competition,0.9276638627052307,0.8053923845291138,-0.19425752758979797
pre_lmhead_contextual,fas_50m__vs__en_fas_b,spicy->mild,0.9201592803001404,0.7287545204162598,0.8670174479484558
pre_lmhead_contextual,fas_50m__vs__en_fas_b,script->image,0.8507800102233887,0.4496539831161499,-0.4129400849342346
pre_lmhead_contextual,fas_50m__vs__en_fas_b,white->red,0.6182745099067688,0.7537879347801208,-0.12896911799907684
pre_lmhead_contextual,fas_100m__vs__en_fas_a,restraint->indulgence,7.213069438934326,0.9613050818443298,7.174477577209473
pre_lmhead_contextual,fas_100m__vs__en_fas_a,pilgrim->spectator,6.873875141143799,0.9471542835235596,-6.712061882019043
pre_lmhead_contextual,fas_100m__vs__en_fas_a,assimilation->pluralism,6.133134841918945,0.9401777386665344,-6.033178806304932
pre_lmhead_contextual,fas_100m__vs__en_fas_a,script->image,6.054008483886719,0.9523272514343262,-6.0407633781433105
pre_lmhead_contextual,fas_100m__vs__en_fas_a,authority->deliberation,6.00851583480835,0.9388911724090576,5.841559410095215
pre_lmhead_contextual,fas_100m__vs__en_fas_a,veiled->unveiled,5.748810291290283,0.9364494681358337,-5.604733467102051
pre_lmhead_contextual,fas_100m__vs__en_fas_a,fasting->feasting,4.955184459686279,0.8919944167137146,4.37484073638916
pre_lmhead_contextual,fas_100m__vs__en_fas_a,ornate->plain,4.799713611602783,0.9055556058883667,-3.8704028129577637
pre_lmhead_contextual,fas_100m__vs__en_fas_a,indigenous->diaspora,4.115792274475098,0.7692568302154541,3.4287455081939697
pre_lmhead_contextual,fas_100m__vs__en_fas_a,customary->codified,4.071446418762207,0.8231047987937927,3.405285596847534
pre_lmhead_contextual,fas_100m__vs__en_fas_a,black->gold,3.8551394939422607,0.9433885216712952,-3.7425854206085205
pre_lmhead_contextual,fas_100m__vs__en_fas_a,certainty->ambiguity,3.7855241298675537,0.9158989191055298,3.1971275806427
pre_lmhead_contextual,fas_100m__vs__en_fas_a,majority->minority,3.7706401348114014,0.9400522708892822,-3.6606385707855225
pre_lmhead_contextual,fas_100m__vs__en_fas_a,elder->youth,3.7526960372924805,0.9531735777854919,-3.7269608974456787
pre_lmhead_contextual,fas_100m__vs__en_fas_a,taboo->permissive,3.4566972255706787,0.8192728161811829,3.342534065246582
pre_lmhead_contextual,fas_100m__vs__en_fas_a,tea->coffee,3.447267532348633,0.9452536702156067,-3.3610761165618896
pre_lmhead_contextual,fas_100m__vs__en_fas_a,homeland->migration,3.283371686935425,0.9790018796920776,3.255314826965332
pre_lmhead_contextual,fas_100m__vs__en_fas_a,clan->individual,3.018108367919922,0.837785005569458,-1.922019362449646
pre_lmhead_contextual,fas_100m__vs__en_fas_a,kin->stranger,2.9948394298553467,0.8152653574943542,-2.328368663787842
pre_lmhead_contextual,fas_100m__vs__en_fas_a,formal->casual,2.5916597843170166,0.873473584651947,-2.473762273788452
pre_lmhead_contextual,fas_100m__vs__en_fas_a,white->red,2.523392677307129,0.943531334400177,2.4595727920532227
pre_lmhead_contextual,fas_100m__vs__en_fas_a,fermented->fresh,2.483734369277954,0.8750097751617432,2.085482597351074
pre_lmhead_contextual,fas_100m__vs__en_fas_a,individualism->collectivism,2.4386231899261475,0.7054465413093567,2.1486551761627197
pre_lmhead_contextual,fas_100m__vs__en_fas_a,prayer->reason,2.407589912414551,0.7641164660453796,-2.266890048980713
pre_lmhead_contextual,fas_100m__vs__en_fas_a,obedience->autonomy,2.3998119831085205,0.8762031197547913,2.3280744552612305
pre_lmhead_contextual,fas_100m__vs__en_fas_a,lotus->rose,2.368537664413452,0.7769004106521606,-0.6852573156356812
pre_lmhead_contextual,fas_100m__vs__en_fas_a,tradition->modernity,2.2512147426605225,0.6361764073371887,1.2107199430465698
pre_lmhead_contextual,fas_100m__vs__en_fas_a,mother->father,2.1940252780914307,0.5745140314102173,1.1364790201187134
pre_lmhead_contextual,fas_100m__vs__en_fas_a,lunar->solar,2.1627626419067383,0.8222514390945435,-2.132340431213379
pre_lmhead_contextual,fas_100m__vs__en_fas_a,spicy->mild,2.0671920776367188,0.6320777535438538,0.848349392414093
pre_lmhead_contextual,fas_100m__vs__en_fas_a,modest->revealing,2.040604829788208,0.8878259062767029,-1.5091397762298584
pre_lmhead_contextual,fas_100m__vs__en_fas_a,lineage->mobility,1.9835190773010254,0.710007905960083,-1.6669447422027588
pre_lmhead_contextual,fas_100m__vs__en_fas_a,pilgrimage->tourism,1.8848193883895874,0.880217969417572,-1.7539288997650146
pre_lmhead_contextual,fas_100m__vs__en_fas_a,ritual->routine,1.8788244724273682,0.6331385374069214,-1.4135247468948364
pre_lmhead_contextual,fas_100m__vs__en_fas_a,hierarchy->equality,1.8568557500839233,0.6695465445518494,-1.7031443119049072
pre_lmhead_contextual,fas_100m__vs__en_fas_a,conformity->dissent,1.8362091779708862,0.7230019569396973,1.2837365865707397
pre_lmhead_contextual,fas_100m__vs__en_fas_a,federal->centralized,1.8068828582763672,0.7889343500137329,0.4536952078342438
pre_lmhead_contextual,fas_100m__vs__en_fas_a,democracy->monarchy,1.7778441905975342,0.8523310422897339,1.6741392612457275
pre_lmhead_contextual,fas_100m__vs__en_fas_a,rice->bread,1.7538762092590332,0.4385562837123871,-1.4591176509857178
pre_lmhead_contextual,fas_100m__vs__en_fas_a,vegetarian->meat,1.7155791521072388,0.8627015948295593,-0.3692244291305542
pre_lmhead_contextual,fas_100m__vs__en_fas_a,patronage->meritocracy,1.6164010763168335,0.4547809958457947,0.8914875388145447
pre_lmhead_contextual,fas_100m__vs__en_fas_a,dragon->eagle,1.582019329071045,0.71031653881073,1.2639800310134888
pre_lmhead_contextual,fas_100m__vs__en_fas_a,mourning->celebration,1.5814194679260254,0.7114271521568298,0.5694944858551025
pre_lmhead_contextual,fas_100m__vs__en_fas_a,local->global,1.4008903503417969,0.6802171468734741,0.599308967590332
pre_lmhead_contextual,fas_100m__vs__en_fas_a,sacred->secular,1.395472526550293,0.8489165306091309,1.2158024311065674
pre_lmhead_contextual,fas_100m__vs__en_fas_a,honor->shame,1.3503360748291016,0.5455185770988464,-0.7430573105812073
pre_lmhead_contextual,fas_100m__vs__en_fas_a,solidarity->competition,1.2182142734527588,0.6936109662055969,0.9675905108451843
pre_lmhead_contextual,fas_100m__vs__en_fas_a,duty->freedom,1.197076678276062,0.7107946872711182,0.2152915745973587
pre_lmhead_contextual,fas_100m__vs__en_fas_a,uniform->personalized,1.194322943687439,0.7636062502861023,0.6338404417037964
pre_lmhead_contextual,fas_100m__vs__en_fas_a,ancestor->novelty,1.0367529392242432,0.7381393313407898,-0.5759471654891968
pre_lmhead_contextual,fas_100m__vs__en_fas_b,assimilation->pluralism,7.459367752075195,0.9963567852973938,-7.454251289367676
pre_lmhead_contextual,fas_100m__vs__en_fas_b,restraint->indulgence,6.798312664031982,0.9745000004768372,6.788301944732666
pre_lmhead_contextual,fas_100m__vs__en_fas_b,authority->deliberation,6.287103652954102,0.962525486946106,6.228357791900635
pre_lmhead_contextual,fas_100m__vs__en_fas_b,fasting->feasting,5.764345169067383,0.954472541809082,5.752187728881836
pre_lmhead_contextual,fas_100m__vs__en_fas_b,pilgrim->spectator,5.535754203796387,0.923189640045166,-5.183382034301758
pre_lmhead_contextual,fas_100m__vs__en_fas_b,elder->youth,4.948713779449463,0.9724653363227844,-4.940221309661865
pre_lmhead_contextual,fas_100m__vs__en_fas_b,individualism->collectivism,4.112609386444092,0.9787275195121765,4.103808879852295
pre_lmhead_contextual,fas_100m__vs__en_fas_b,lunar->solar,3.8011538982391357,0.9389981627464294,-3.787623643875122
pre_lmhead_contextual,fas_100m__vs__en_fas_b,taboo->permissive,3.7902638912200928,0.8213863372802734,3.60671329498291
pre_lmhead_contextual,fas_100m__vs__en_fas_b,honor->shame,3.7254810333251953,0.9922456741333008,-3.722975015640259
pre_lmhead_contextual,fas_100m__vs__en_fas_b,customary->codified,3.702003002166748,0.7753345966339111,2.59936261177063
pre_lmhead_contextual,fas_100m__vs__en_fas_b,federal->centralized,3.6711537837982178,0.9500274658203125,-3.496323585510254
pre_lmhead_contextual,fas_100m__vs__en_fas_b,black->gold,3.5082337856292725,0.9887316823005676,-3.448218584060669
pre_lmhead_contextual,fas_100m__vs__en_fas_b,ancestor->novelty,3.4272220134735107,0.7304512858390808,3.3900671005249023
pre_lmhead_contextual,fas_100m__vs__en_fas_b,majority->minority,3.297809600830078,0.9117059111595154,-3.0828492641448975
pre_lmhead_contextual,fas_100m__vs__en_fas_b,ritual->routine,3.0712010860443115,0.9584333300590515,3.0525295734405518
pre_lmhead_contextual,fas_100m__vs__en_fas_b,lineage->mobility,3.032876491546631,0.9289135336875916,2.956881284713745
pre_lmhead_contextual,fas_100m__vs__en_fas_b,fermented->fresh,3.0291850566864014,0.9805917739868164,3.024531364440918
pre_lmhead_contextual,fas_100m__vs__en_fas_b,pilgrimage->tourism,2.964702606201172,0.9037685394287109,-2.542407274246216
pre_lmhead_contextual,fas_100m__vs__en_fas_b,indigenous->diaspora,2.9625144004821777,0.7161720991134644,2.868882179260254
pre_lmhead_contextual,fas_100m__vs__en_fas_b,vegetarian->meat,2.856088876724243,0.9563756585121155,-2.6270365715026855
pre_lmhead_contextual,fas_100m__vs__en_fas_b,ornate->plain,2.6154839992523193,0.8676164746284485,-1.2436660528182983
pre_lmhead_contextual,fas_100m__vs__en_fas_b,formal->casual,2.327878475189209,0.7779310345649719,-1.9822256565093994
pre_lmhead_contextual,fas_100m__vs__en_fas_b,mourning->celebration,2.2255051136016846,0.910835325717926,2.0887198448181152
pre_lmhead_contextual,fas_100m__vs__en_fas_b,tradition->modernity,2.1695313453674316,0.6345344185829163,1.1001850366592407
pre_lmhead_contextual,fas_100m__vs__en_fas_b,clan->individual,2.066115617752075,0.8276776075363159,-0.6430352330207825
pre_lmhead_contextual,fas_100m__vs__en_fas_b,certainty->ambiguity,2.056140899658203,0.9020147919654846,2.0473952293395996
pre_lmhead_contextual,fas_100m__vs__en_fas_b,patronage->meritocracy,1.9877429008483887,0.4806269705295563,1.2325055599212646
pre_lmhead_contextual,fas_100m__vs__en_fas_b,script->image,1.9622374773025513,0.5812081098556519,-1.917980670928955
pre_lmhead_contextual,fas_100m__vs__en_fas_b,lotus->rose,1.9614797830581665,0.8991246223449707,1.829685926437378
pre_lmhead_contextual,fas_100m__vs__en_fas_b,obedience->autonomy,1.637624740600586,0.6071771383285522,0.9297844767570496
pre_lmhead_contextual,fas_100m__vs__en_fas_b,veiled->unveiled,1.633852481842041,0.657980740070343,0.2799234986305237
pre_lmhead_contextual,fas_100m__vs__en_fas_b,prayer->reason,1.5543243885040283,0.2685454487800598,1.3969576358795166
pre_lmhead_contextual,fas_100m__vs__en_fas_b,mother->father,1.5343632698059082,0.7691618204116821,-1.373996615409851
pre_lmhead_contextual,fas_100m__vs__en_fas_b,homeland->migration,1.516894817352295,0.6266084909439087,-0.5537708401679993
pre_lmhead_contextual,fas_100m__vs__en_fas_b,dragon->eagle,1.5119397640228271,0.5366180539131165,-1.299492359161377
pre_lmhead_contextual,fas_100m__vs__en_fas_b,uniform->personalized,1.4812543392181396,0.8015865683555603,0.7199043035507202
pre_lmhead_contextual,fas_100m__vs__en_fas_b,kin->stranger,1.4340851306915283,0.8645691871643066,0.8229019641876221
pre_lmhead_contextual,fas_100m__vs__en_fas_b,sacred->secular,1.4104176759719849,0.784587562084198,-0.196088045835495
pre_lmhead_contextual,fas_100m__vs__en_fas_b,rice->bread,1.3969411849975586,0.6240875720977783,0.881322979927063
pre_lmhead_contextual,fas_100m__vs__en_fas_b,tea->coffee,1.307760238647461,0.779511034488678,-0.9118165373802185
pre_lmhead_contextual,fas_100m__vs__en_fas_b,spicy->mild,1.2447807788848877,0.7700532078742981,1.2075800895690918
pre_lmhead_contextual,fas_100m__vs__en_fas_b,modest->revealing,1.243100881576538,0.8588845133781433,0.5907750725746155
pre_lmhead_contextual,fas_100m__vs__en_fas_b,local->global,1.2145684957504272,0.41878437995910645,-0.7659351825714111
pre_lmhead_contextual,fas_100m__vs__en_fas_b,solidarity->competition,1.1464775800704956,0.6778472661972046,0.620552122592926
pre_lmhead_contextual,fas_100m__vs__en_fas_b,conformity->dissent,1.1456077098846436,0.7059460282325745,0.1178174689412117
pre_lmhead_contextual,fas_100m__vs__en_fas_b,white->red,1.1343551874160767,0.7376735210418701,1.0137518644332886
pre_lmhead_contextual,fas_100m__vs__en_fas_b,duty->freedom,1.1283608675003052,0.661839485168457,-0.0489414744079113
pre_lmhead_contextual,fas_100m__vs__en_fas_b,hierarchy->equality,0.9852927327156067,0.5650904774665833,-0.6645112633705139
pre_lmhead_contextual,fas_100m__vs__en_fas_b,democracy->monarchy,0.9176530838012695,0.3687214255332947,-0.5906836986541748
